,wl,FL1,FL2*,FL3,FL4,FL5,FL6,FL7*,FL8,FL9,FL10,FL11*,FL12,FL3.1,FL3.2,FL3.3,FL3.4,FL3.5,FL3.6,FL3.7,FL3.8,FL3.9,FL3.10,FL3.11,FL3.12,FL3.13,FL3.14,FL3.15
0,380,1.87,1.18,0.82,0.57,1.87,1.05,2.56,1.21,0.9,1.11,0.91,0.96,2.39,5.8,8.94,3.46,4.72,5.53,3.79,4.18,3.77,0.25,3.85,1.62,2.23,2.87,300.0
1,381,1.96461902392,1.23791433493,0.858763483254,0.594794717703,1.9626628134,1.09985554067,2.68377492823,1.26821833493,0.944169033493,1.04395023923,0.850558086124,0.894894239234,2.49112842105,6.02247219139,9.37712022967,3.54052088038,4.93439892823,5.74145094737,3.53003513876,3.91521232536,3.53272895694,0.190969569378,3.64884784689,1.70829795215,2.36304076555,3.02577400957,297.317955981
2,382,2.06215058373,1.29823617225,0.899704191388,0.621813511962,2.05817584689,1.15203039234,2.8100922488,1.32826817225,0.990223617225,0.980769837321,0.793905301435,0.832481837321,2.61665347368,6.27074066986,9.84389680383,3.63982308134,5.1635322488,5.96859031579,3.29440298565,3.67379513876,3.31843934928,0.138793492823,3.47124746411,1.81737883254,2.51760267943,3.20152903349,294.563245933
3,383,2.16538970335,1.36318384689,0.944753607656,0.653019100478,2.15926591388,1.20868409569,2.94088688995,1.39150384689,1.03958078469,0.923065033493,0.742567732057,0.774745033493,2.78691957895,6.56754962679,10.3661539522,3.77282748325,5.41970288995,6.22475705263,3.10353867943,3.47532876555,3.14581213397,0.100041339713,3.33660669856,1.9634445933,2.71136650718,3.41407908134,291.671425837
4,384,2.26593370335,1.42495984689,0.986065607656,0.680331100478,2.25776191388,1.26246009569,3.06576688995,1.44996784689,1.08409278469,0.863769033493,0.688999732057,0.711977033493,2.90618357895,6.82135762679,10.8377699522,3.85882748325,5.64707888995,6.45374905263,2.87161867943,3.23936076555,2.93202013397,0.0564413397129,3.16188669856,2.0580205933,2.85872650718,3.58839908134,288.797825837
5,385,2.36,1.48,1.02,0.7,2.35,1.31,3.18,1.5,1.12,0.8,0.63,0.64,2.93,6.99,11.21,3.86,5.82,6.63,2.56,2.93,2.64,-1.11022302463e-16,2.91,2.06,2.92,3.69,286.0
6,386,2.46179980861,1.54081332057,1.05867613397,0.724378258373,2.44978549282,1.36321967464,3.29829657416,1.55270132057,1.15872773206,0.744062086124,0.578319311005,0.572926086124,2.98393263158,7.1982864689,11.6270861627,3.87911295694,6.01258457416,6.82957642105,2.28482288995,2.65710139713,2.3809843445,-0.0406525550239,2.69360122488,2.08171238278,3.0067458756,3.81871992344,283.165152153
7,387,2.58455678469,1.61888298565,1.11319265072,0.76467154067,2.56990667943,1.43309213397,3.43322564593,1.61760298565,1.21014269856,0.70681584689,0.54536122488,0.52249584689,3.16269221053,7.54160627751,12.199069933,3.99331207656,6.28076164593,7.10996547368,2.1328837512,2.50275307177,2.23777538756,-0.0424061244019,2.59700937799,2.20647043062,3.20271311005,4.04987391388,280.391196172
8,388,2.71720888038,1.70492432536,1.17464658373,0.812058411483,2.69982193301,1.51064229665,3.57726935885,1.68887632536,1.26800283254,0.681560803828,0.523433569378,0.483496803828,3.42045389474,7.96952704306,12.8696948517,4.16651559809,6.59853335885,7.44472926316,2.06840030622,2.43470637321,2.17973121531,-0.01931184689,2.58769676555,2.39951823923,3.46908417225,4.34805795215,277.279020096
9,389,2.83922097608,1.78160566507,1.22642051675,0.850005282297,2.8198971866,1.57915245933,3.71539307177,1.75494966507,1.32002296651,0.654865760766,0.497505913876,0.444497760766,3.65917557895,8.37672780861,13.5203197703,4.32091911962,6.90950507177,7.77621305263,2.01031686124,2.37857967464,2.13472704306,0.00026243062201,2.59022415311,2.58296604785,3.72169523445,4.63672199043,273.222844019
10,390,2.94,1.84,1.26,0.87,2.92,1.63,3.84,1.81,1.36,0.62,0.46,0.4,3.82,8.7,14.08,4.41,7.18,8.07,1.91,2.29,2.06,-1.11022302463e-16,2.56,2.71,3.91,4.87,268.0
11,391,3.044736,1.901952,1.296608,0.89336,3.0244,1.68408,3.97408,1.8716,1.406208,0.596432,0.431776,0.37064,4.062592,9.100656,14.7344,4.564336,7.503792,8.421968,1.910176,2.30328,2.090992,0.01952,2.63536,2.919696,4.17464,5.174112,262.0464
12,392,3.191104,2.000336,1.368224,0.952352,3.169456,1.7728,4.153264,1.966928,1.486848,0.613712,0.444384,0.388608,4.655456,9.848128,15.793696,5.004,8.038368,8.992944,2.251696,2.644848,2.456336,0.122736,3.049056,3.447968,4.752688,5.761168,255.7488
13,393,3.344112,2.10408,1.44472,1.015984,3.321152,1.86656,4.340768,2.068256,1.573328,0.642832,0.467392,0.420176,5.22896,10.57472,16.835392,5.426464,8.567744,9.5624,2.599616,3.000896,2.83984,0.229472,3.481312,3.96584,5.316496,6.339344,249.9152
14,394,3.44256,2.158944,1.473456,1.030256,3.420048,1.91368,4.472912,2.127504,1.616048,0.633232,0.44768,0.406864,5.167104,10.667632,17.154928,5.327248,8.73168,9.762496,2.395696,2.847984,2.713664,0.204928,3.398048,3.925152,5.320064,6.42216,245.6576
15,395,3.47,2.15,1.44,0.98,3.45,1.9,4.53,2.13,1.6,0.57,0.37,0.33,4.23,9.89,16.48,4.51,8.39,9.45,1.42,1.98,1.87,-1.33226762955e-15,2.59,3.11,4.55,5.82,244.0
16,396,3.398144,2.052752,1.320528,0.841424,3.383712,1.802032,4.487232,2.056944,1.505536,0.432544,0.211808,0.167344,2.293312,8.116176,14.664928,2.87144,7.4688,8.549392,-0.436848,0.296032,0.209056,-0.41992,0.95584,1.412352,2.896064,4.433904,244.0016
17,397,3.101712,1.75816,1.00896,0.507904,3.100272,1.51544,4.229648,1.820896,1.241648,0.125952,-0.129408,-0.184384,-1.39872,4.58648,10.833472,-0.210736,5.523264,6.60656,-3.847584,-2.831984,-2.89896,-1.243328,-2.144768,-1.82968,-0.309984,1.665744,243.2272
18,398,2.95344,1.590848,0.821152,0.297344,2.959232,1.350688,4.101824,1.684528,1.08152,-0.06512,-0.347104,-0.416832,-4.428992,1.731264,7.784176,-2.751232,3.971968,5.069088,-6.66008,-5.38944,-5.427696,-1.880256,-4.649056,-4.500352,-2.934192,-0.575056,247.5968
19,399,3.540768,2.062496,1.254944,0.710864,3.527312,1.797136,4.6472,2.062,1.455872,0.308048,0.04192,-0.04344,-2.985184,3.383088,9.93056,-1.618448,5.052592,6.220496,-5.479136,-4.198576,-4.181392,-1.400384,-3.304384,-3.261744,-1.61032,0.723424,266.3824
20,400,5.17,3.44,2.57,2.01,5.1,3.11,6.15,3.17,2.59,1.48,1.29,1.19,4.97,11.59,19.63,4.86,9.96,11.28,1.51,2.44,2.55,0.69,3.63,3.67,5.46,7.17,304.0
21,401,7.78192,5.671808,4.716176,4.144256,7.620176,5.24,8.55432,4.965952,4.43968,3.405968,3.348704,3.234192,19.04384,25.955776,36.42856,16.363568,18.46504,20.013648,13.958448,14.20088,14.4408,4.29616,15.82312,15.950944,17.930656,18.454704,359.488
22,402,11.5468,8.906128,7.837712,7.258464,11.252192,8.329008,12.013824,7.566768,7.12672,6.21576,6.357856,6.229008,40.217888,47.463984,61.466336,33.705408,31.148848,33.014608,32.74192,31.90368,32.315744,9.667264,34.114384,34.440848,36.671248,35.355504,436.3568
23,403,15.58568,12.378288,11.190448,10.605392,15.147888,11.645216,15.728128,10.363344,10.01688,9.242912,9.597888,9.452384,63.365056,70.964352,88.792432,52.654768,44.987136,47.195488,53.295152,51.28216,51.891648,15.510368,54.146288,54.651072,57.14616,53.812224,516.1696
24,404,18.51056,14.880688,13.599184,13.00488,17.967904,14.032944,18.432992,12.39352,12.10832,11.434464,11.93216,11.76376,80.357024,88.29224,108.973248,66.504688,55.185664,57.662128,68.379984,65.57136,66.375552,19.778032,69.007712,69.465376,72.164992,67.388464,570.1104
25,405,19.49,15.69,14.36,13.75,18.91,14.8,19.37,13.08,12.8,12.16,12.68,12.48,86.3,94.53,116.33,71.22,58.86,61.47,73.64,70.7,71.68,21.24,74.54,74.6,77.4,72.21,581.0
26,406,18.671824,14.934912,13.598112,12.96656,18.116848,14.069504,18.674256,12.525632,12.198976,11.531744,11.962432,11.722384,82.070592,90.558128,111.879408,67.523888,56.527232,59.14688,69.853808,67.396928,68.538336,20.116848,71.490128,70.821968,73.626304,68.97048,551.8544
27,407,15.9044,12.483488,11.185088,10.525712,15.442048,11.715056,16.210768,10.627904,10.19832,9.433712,9.654528,9.365504,66.832896,75.541632,94.648672,54.720288,47.690256,50.185168,56.269472,54.96024,56.246368,16.193968,59.143408,57.396992,60.10096,57.005344,479.4656
28,408,12.036576,9.074624,7.840064,7.149104,11.705328,8.444288,12.73912,7.963776,7.399584,6.51368,6.453984,6.108624,45.272,54.164016,70.086416,36.707328,35.13464,37.428896,37.081536,37.311232,38.7456,10.677728,41.506368,38.435936,40.984496,40.035888,382.3088
29,409,8.480832,5.93776,4.7596,4.037536,8.270608,5.43456,9.525072,5.494848,4.805248,3.849008,3.52144,3.115184,25.224384,34.26256,47.30472,20.000208,23.516144,25.631504,19.30344,21.005904,22.624672,5.581728,25.276528,20.8136,23.233632,24.284912,290.992
30,410,6.13,3.85,2.7,1.95,6.0,3.43,7.37,3.83,3.05,2.12,1.59,1.12,11.65,20.8,32.07,8.72,15.78,17.8,7.37,10.19,12.05,2.18,14.69,8.88,11.25,13.69,225.0
31,411,4.813088,2.662512,1.516432,0.741136,4.728416,2.288144,6.120336,2.852656,2.01232,1.196416,0.519168,-0.017808,3.576032,12.80288,23.251152,2.059728,11.3496,13.345808,0.41088,4.050112,6.204768,0.225824,8.91616,1.782096,4.170928,7.479376,180.8384
32,412,4.595216,2.431984,1.264144,0.466384,4.518768,2.063488,5.83224,2.605616,1.736944,1.12944,0.363424,-0.243456,1.3304,10.595536,21.230496,0.297808,10.42336,12.471776,-1.272384,2.867632,5.37216,-0.192112,8.240528,-0.189744,2.290976,5.915968,159.9408
33,413,5.142864,2.867856,1.660096,0.841792,5.04872,2.476992,6.220944,2.872976,1.997968,1.656704,0.84288,0.161856,3.178688,12.468032,23.98208,1.961248,11.952,14.106064,0.721712,5.150272,8.051712,0.468912,11.148096,1.428496,4.052624,7.61008,156.0832
34,414,5.824592,3.420128,2.168608,1.32992,5.708112,3.000736,6.741968,3.241696,2.363552,2.284448,1.429856,0.668208,5.800096,15.136528,27.630704,4.241808,13.93376,16.204032,3.351088,8.057312,11.387264,1.336976,14.751184,3.701616,6.480672,9.905712,157.0256
35,415,6.24,3.74,2.45,1.59,6.11,3.3,7.05,3.45,2.56,2.7,1.79,0.94,7.09,16.52,29.72,5.36,15.1,17.47,4.69,9.79,13.57,1.86,17.22,4.77,7.69,11.12,155.0
36,416,6.518656,3.940288,2.614128,1.732272,6.37952,3.482912,7.260112,3.585472,2.67864,3.003088,2.030656,1.084896,7.754992,17.322464,31.07144,5.906288,15.872432,18.334544,5.375984,10.94336,15.196448,2.220976,19.159664,5.25552,8.31016,11.815936,152.9376
37,417,6.685344,4.042656,2.682016,1.777792,6.54064,3.569952,7.397104,3.666976,2.738928,3.210864,2.17152,1.122176,7.949808,17.700912,31.86264,6.004288,16.3404,18.888384,5.537952,11.637712,16.384832,2.456592,20.693536,5.291776,8.476064,12.11504,151.8832
38,418,6.770752,4.073424,2.679744,1.752992,6.62272,3.587552,7.480176,3.71032,2.757856,3.35496,2.242464,1.084016,7.796304,17.76816,32.2384,5.773968,16.585648,19.216944,5.33024,12.013264,17.278016,2.609968,21.951088,4.997952,8.308368,12.123024,151.3888
39,419,6.86192,4.107792,2.681232,1.732432,6.70944,3.609712,7.572368,3.765104,2.788064,3.515456,2.322848,1.053456,7.68448,17.896768,32.6588,5.572848,16.857056,19.577424,5.177568,12.460896,18.27264,2.801184,23.31008,4.736848,8.174832,12.164848,151.4144
40,420,7.01,4.19,2.73,1.76,6.85,3.68,7.71,3.86,2.86,3.74,2.46,1.08,7.84,18.3,33.39,5.61,17.3,20.12,5.33,13.21,19.6,3.1,24.99,4.72,8.29,12.43,152.0
41,421,7.228896,4.331552,2.836544,1.8456,7.055536,3.80848,7.913568,4.014192,2.991488,4.036912,2.664384,1.171584,8.353728,19.1068,34.539584,6.005248,18.02944,20.96536,5.867184,14.338928,21.343328,3.507168,27.081312,4.995648,8.776608,13.045264,154.144
42,422,7.605952,4.607024,3.072224,2.059712,7.40568,4.065312,8.272416,4.30304,3.257136,4.47224,3.007424,1.395856,9.700704,20.86464,36.6676,7.252368,19.454688,22.539264,7.2324,16.269584,23.940736,4.107168,30.033328,5.922592,10.145968,14.500384,160.1968
43,423,7.978048,4.877296,3.303344,2.269584,7.750384,4.318384,8.625344,4.592448,3.522704,4.919968,3.357024,1.624528,11.006,22.58112,38.741376,8.474288,20.866576,24.103648,8.604976,18.22096,26.572704,4.722128,33.015104,6.820816,11.488368,15.934464,167.4096
44,424,8.075104,4.911968,3.308464,2.255376,7.841248,4.348896,8.706192,4.660736,3.566352,5.170736,3.493504,1.64432,10.825296,22.61936,39.056272,8.218288,21.089744,24.435312,8.625072,18.899936,27.884512,5.059408,34.65368,6.5672,11.297808,15.921824,171.0944
45,425,7.79,4.62,3.0,1.93,7.58,4.07,8.41,4.42,3.3,5.14,3.33,1.37,8.59,20.33,36.94,5.91,19.66,23.05,6.75,17.79,27.33,5.0,34.4,4.72,8.98,13.9,170.0
46,426,7.076688,3.961728,2.339936,1.255888,6.923904,3.444528,7.689856,3.83208,2.68552,4.792944,2.827968,0.766144,3.98448,15.363184,32.022736,1.240544,16.327168,19.6892,2.695568,14.616912,24.625744,4.49208,31.95736,1.034592,4.214064,9.565744,162.1408
47,427,5.626288,2.672096,1.073904,-0.018816,5.587584,2.222624,6.237504,2.642928,1.469104,3.894688,1.732704,-0.408512,-4.78808,5.71016,22.191936,-7.578272,9.642256,12.851248,-5.191504,7.80224,18.138544,3.204928,25.642304,-5.885904,-4.857072,1.161424,138.3456
48,428,4.450128,1.618864,0.034672,-1.06944,4.505104,1.22248,5.060432,1.683696,0.481008,3.210192,0.87376,-1.364688,-12.06664,-2.293424,14.107216,-14.902368,4.178864,7.277216,-11.698896,2.308768,12.997904,2.205856,20.731248,-11.63696,-12.368048,-5.760176,126.6384
49,429,5.142208,2.169632,0.53472,-0.596224,5.148624,1.733696,5.74656,2.264464,1.029952,3.945936,1.558816,-0.858144,-8.9128,1.357232,18.283776,-11.820384,7.157952,10.452784,-8.594768,5.975536,17.308544,3.179424,25.560352,-9.264576,-9.058784,-2.432656,171.1232
50,430,8.56,5.06,3.28,2.1,8.31,4.45,9.15,5.09,3.82,6.75,4.49,1.78,9.44,22.0,40.33,6.42,22.43,26.37,8.51,22.98,35.39,7.03,44.57,4.94,10.01,15.82,295.0
51,431,14.527424,10.138992,8.125616,6.875744,13.826656,9.22896,15.095296,10.015488,8.706496,11.487248,9.521664,6.411664,42.097424,58.633664,79.194096,38.927408,49.272736,54.280032,38.788192,52.530992,66.421312,13.572544,76.91512,30.282016,43.914096,48.123424,493.136
52,432,23.417888,17.727264,15.379312,14.03568,22.043664,16.37272,23.954512,17.347616,15.995808,18.439232,16.9608,13.328192,91.44328,113.921216,137.678976,88.078352,89.612544,96.179056,84.430944,96.714128,112.553504,23.209536,124.811808,68.61688,95.124432,96.817664,776.4464
53,433,33.187312,26.069936,23.356928,21.912576,31.072272,24.22752,33.690528,25.406944,24.01048,26.053376,25.119136,20.9308,145.256736,174.212928,201.417776,141.690416,133.573872,141.83408,134.185376,144.797824,162.704016,33.755488,176.835536,110.438704,150.987328,149.922784,1083.3248
54,434,40.593776,32.383808,29.387424,27.862192,37.91696,30.17048,41.072544,31.529872,30.090032,31.8684,31.320352,26.684288,184.163872,217.8676,247.633616,180.4504,165.50096,175.022384,170.213328,179.77272,199.307408,41.7452,214.880944,140.677088,191.441264,188.445264,1316.5312
55,435,43.67,34.98,31.85,30.28,40.76,32.61,44.14,34.1,32.62,34.39,33.94,29.05,196.54,231.9,262.66,192.77,176.0,186.01,181.81,191.43,211.82,45.08,228.08,150.29,204.45,200.99,1417.0
56,436,42.767568,34.160352,31.034368,29.452848,39.92624,31.830576,43.243152,33.406032,31.888832,33.883568,33.266992,28.302384,184.471216,218.64088,248.949568,180.728912,166.756384,176.543312,170.894624,181.596432,202.126608,44.133984,218.373296,140.901632,192.176688,189.605424,1395.1264
57,437,37.589952,29.670256,26.696208,25.138896,35.141632,27.59232,38.086368,29.204144,27.65304,30.123376,29.055696,24.20944,145.871616,175.760048,204.049616,142.248016,136.084112,144.87488,135.548096,148.440384,168.334976,38.578528,183.808256,110.890944,152.464128,152.249104,1242.1968
58,438,29.828096,22.96176,20.229168,18.717824,27.968944,21.263504,30.354784,22.883456,21.300368,24.388704,22.70072,18.092016,92.362336,116.237056,141.623024,88.9112,93.37408,100.736368,86.456048,102.143536,120.952064,30.271312,135.216736,69.298896,97.349328,100.320224,1008.3792
59,439,22.33712,16.486544,13.986288,12.519072,21.046816,15.154368,22.89376,16.789568,15.174016,18.840912,16.557504,12.180752,43.312496,61.705344,84.441872,40.025584,54.278368,60.347776,41.43104,59.680688,77.496832,22.341056,90.659856,31.193408,46.892848,52.815744,778.4896
60,440,16.94,11.81,9.47,8.03,16.06,10.74,17.52,12.42,10.77,14.86,12.13,7.9,10.94,25.81,46.87,7.77,28.67,33.94,11.71,31.76,49.02,16.78,61.53,6.08,13.75,21.72,607.0
61,441,13.274144,8.620832,6.381584,4.954896,12.673408,7.727072,13.872112,9.476608,7.790576,12.170496,9.118608,4.966288,-7.139056,5.887712,26.104032,-10.231904,14.62184,19.516144,-4.900848,16.288912,33.359968,13.19216,45.598016,-7.894592,-4.545872,4.697312,483.2832
62,442,11.426976,6.99416,4.793168,3.365184,10.967824,6.186384,12.037264,8.031056,6.307408,10.837584,7.59496,3.447616,-10.031344,2.937456,23.194304,-13.08984,12.85488,17.824448,-7.582912,14.045856,31.319104,11.682352,43.690816,-10.035184,-7.068832,2.624464,409.6032
63,443,10.949728,6.544608,4.334992,2.894752,10.52848,5.754816,11.567856,7.713904,5.95152,10.523392,7.189952,2.994784,-2.499872,11.62872,32.535936,-5.550976,19.52,24.871632,-0.704016,20.8696,38.59936,11.699584,51.375376,-4.041536,1.256288,10.837616,375.6752
64,444,10.91128,6.472576,4.239776,2.78392,10.494816,5.678928,11.535408,7.759152,5.957792,10.52616,7.137264,2.882512,6.52296,21.968944,43.619808,3.481808,27.39904,33.170736,7.54048,28.952624,47.138416,12.133856,60.337136,3.145472,11.189808,20.586768,358.3872
65,445,10.72,6.27,4.02,2.55,10.32,5.48,11.35,7.68,5.84,10.4,6.95,2.65,11.38,27.63,49.79,8.37,31.92,37.98,11.96,33.35,51.83,12.28,65.31,7.13,16.88,26.33,343.0
66,446,10.617248,6.144144,3.874576,2.38992,10.227072,5.35336,11.25216,7.674528,5.796064,10.327184,6.82704,2.485728,13.85888,30.609232,53.148096,10.89528,34.526608,40.795776,14.197104,35.626672,54.289296,12.4072,67.959024,9.302496,20.17744,29.81888,336.4544
67,447,10.691168,6.170688,3.876112,2.375552,10.29752,5.370336,11.329536,7.814784,5.898,10.374432,6.841072,2.458784,14.258448,31.23768,54.044256,11.355424,35.46008,41.865872,14.528704,36.0468,54.78856,12.602384,68.564416,9.896304,21.391648,31.345376,341.9312
68,448,10.874288,6.291712,3.969088,2.451984,10.468688,5.476432,11.515552,8.04544,6.090576,10.49032,6.936384,2.51608,13.172256,30.189168,53.178176,10.341648,35.196432,41.692048,13.492304,35.122048,53.857824,12.822928,67.673408,9.370352,21.135056,31.488672,355.328
69,449,11.109088,6.457856,4.106224,2.572496,10.686976,5.625248,11.753968,8.319616,6.326992,10.630528,7.065296,2.611856,12.085744,29.141056,52.300096,9.333952,34.930864,41.526544,12.439344,34.139216,52.828608,13.063072,66.66032,8.87504,20.941584,31.700608,371.2608
70,450,11.35,6.63,4.25,2.7,10.91,5.78,12.0,8.6,6.57,10.76,7.19,2.71,11.89,29.1,52.46,9.22,35.38,42.12,12.18,33.87,52.5,13.31,66.35,9.1,21.73,32.85,386.0
71,451,11.553344,6.770656,4.364448,2.79888,11.097424,5.905344,12.20992,8.850272,6.783424,10.846176,7.274784,2.776848,11.989792,29.398928,52.957088,9.406544,36.062352,42.971824,12.1712,33.7976,52.338624,13.505968,66.192544,9.582608,22.882432,34.350304,398.76
72,452,11.674928,6.841952,4.413328,2.833264,11.208368,5.965552,12.339712,9.03376,6.930816,10.8564,7.283824,2.7784,12.087056,29.706128,53.440736,9.596768,36.735632,43.832688,12.142864,33.665008,52.079344,13.601008,65.915168,10.090672,24.088336,35.906432,408.176
73,453,11.737632,6.863328,4.414848,2.821168,11.264192,5.97904,12.411504,9.168928,7.030368,10.806304,7.234464,2.731872,12.18224,30.016128,53.910784,9.789712,37.402032,44.694832,12.091088,33.470496,51.723344,13.622048,65.518272,10.623296,25.34152,37.50832,415.136
74,454,11.798016,6.883024,4.414608,2.807712,11.317536,5.991408,12.480576,9.301856,7.12768,10.736048,7.170944,2.680384,12.276384,30.319408,54.367232,9.984336,38.066032,45.546496,12.010512,33.211824,51.272304,13.629568,65.002096,11.18,26.634304,39.143008,421.952
75,455,11.89,6.93,4.44,2.82,11.4,6.03,12.58,9.46,7.25,10.67,7.12,2.65,12.37,30.61,54.81,10.18,38.73,46.38,11.9,32.89,50.73,13.66,64.37,11.76,27.96,40.8,430.0
76,456,11.9912,6.98512,4.472736,2.839952,11.49088,6.076784,12.6876,9.624848,7.378944,10.592128,7.06392,2.623552,12.462576,30.888848,55.238512,10.376288,39.392144,47.195008,11.75848,32.505952,50.099632,13.693088,63.625728,12.362016,29.314704,42.475328,438.3008
77,457,12.090512,7.038848,4.503568,2.858448,11.579952,6.12288,12.792384,9.787408,7.505408,10.494384,6.993824,2.592192,12.55392,31.154688,55.651984,10.572432,40.051792,47.988832,11.578128,32.056016,49.381904,13.721008,62.769472,12.985136,30.69432,44.16512,446.352
78,458,12.187344,7.091056,4.53296,2.875904,11.666704,6.167696,12.893488,9.945808,7.628512,10.3792,6.911488,2.557792,12.643104,31.411248,56.051056,10.770096,40.70584,48.765936,11.389776,31.56544,48.596816,13.736848,61.826096,13.627376,32.092736,45.860512,454.1472
79,459,12.280736,7.141504,4.561632,2.89296,11.750256,6.210272,12.989632,10.097248,7.746976,10.250176,6.819552,2.523152,12.728768,31.665168,56.436928,10.97208,41.349648,49.5348,11.241344,31.072384,47.773088,13.728848,60.83168,14.286256,33.503232,47.551264,461.6944
80,460,12.37,7.19,4.59,2.91,11.83,6.25,13.08,10.24,7.86,10.11,6.72,2.49,12.81,31.92,56.81,11.18,41.98,50.3,11.16,30.6,46.93,13.69,59.81,14.96,34.92,49.23,469.0
81,461,12.455184,7.23656,4.618016,2.926992,11.906032,6.286976,13.164656,10.374224,7.967616,9.959248,6.613248,2.458352,12.886816,32.174848,57.169712,11.393408,42.59656,51.059152,11.141792,30.147568,46.06984,13.622864,58.764496,15.648032,36.338576,50.892256,476.0448
82,462,12.536304,7.281216,4.64584,2.944064,11.978384,6.321136,13.243488,10.499568,8.069632,9.79888,6.499968,2.428912,12.959104,32.431568,57.516176,11.612576,43.19832,51.812416,11.197056,29.724,45.199696,13.528048,57.706496,16.349536,37.754016,52.531392,482.8032
83,463,12.612864,7.323632,4.672784,2.960736,12.046736,6.352736,13.31688,10.617472,8.166688,9.629952,6.381088,2.399712,13.026912,32.681328,57.84624,11.835424,43.78552,52.55232,11.2764,29.300512,44.311392,13.409872,56.618736,17.0648,39.163776,54.153568,489.3296
84,464,12.684224,7.363328,4.697728,2.976208,12.110688,6.382256,13.385552,10.730416,8.259904,9.453344,6.257488,2.367392,13.09048,32.910128,58.155184,12.058592,44.35928,53.267264,11.300144,28.828704,43.387888,13.275456,55.468896,17.794784,40.566576,55.771104,495.712
85,465,12.75,7.4,4.72,2.99,12.17,6.41,13.45,10.84,8.35,9.27,6.13,2.33,13.15,33.11,58.44,12.28,44.92,53.95,11.22,28.28,42.42,13.13,54.24,18.54,41.96,57.39,502.0
86,466,12.810208,7.433664,4.739712,3.002208,12.224624,6.435872,13.510112,10.945904,8.436864,9.083536,6.001792,2.290208,13.205264,33.282064,58.700848,12.5,45.466688,54.601088,11.051888,27.670608,41.422928,12.975312,52.950288,19.30032,43.340784,59.006208,508.1808
87,467,12.864784,7.464272,4.756704,3.012736,12.274416,6.459856,13.56584,11.048192,8.520608,8.899952,5.878368,2.251952,13.255952,33.423088,58.93712,12.718304,45.99888,55.21872,10.80192,27.014192,40.416192,12.815472,51.616736,20.07632,44.707696,60.620608,514.2656
88,468,12.91416,7.492,4.771696,3.022064,12.319808,6.48192,13.617488,11.14664,8.600992,8.712848,5.753264,2.211216,13.30288,33.547472,59.150512,12.936288,46.514912,55.808512,10.491552,26.314096,39.384656,12.648672,50.245264,20.8664,46.051168,62.216448,520.1744
89,469,12.959056,7.517168,4.785888,3.030992,12.36152,6.501984,13.665456,11.240688,8.677536,8.510864,5.6152,2.1612,13.347328,33.678496,59.344144,13.156352,47.012464,56.380304,10.157344,25.57512,38.30136,12.470352,48.841712,21.668,47.358,63.768128,525.7792
90,470,13.0,7.54,4.8,3.04,12.4,6.52,13.71,11.33,8.75,8.29,5.46,2.1,13.39,33.83,59.52,13.38,47.49,56.94,9.83,24.81,37.16,12.28,47.42,22.48,48.62,65.26,531.0
91,471,13.03688,7.560448,4.813872,3.048992,12.435152,6.536016,13.751168,11.414848,8.818544,8.066336,5.302896,2.04008,13.4308,33.999312,59.677504,13.607024,47.94736,57.48584,9.566912,24.0924,36.042432,12.096592,46.060672,23.309232,49.843072,66.70184,535.8432
92,472,13.06952,7.57848,4.827616,3.058064,12.467008,6.55008,13.789088,11.49544,8.883152,7.861248,5.164224,1.999056,13.47008,34.189232,59.816592,13.837808,48.384032,58.018192,9.477312,23.549136,35.079696,11.950432,44.901104,24.1676,51.036848,68.106288,540.2864
93,473,13.09864,7.594272,4.84056,3.066736,12.495344,6.562144,13.823488,11.571632,8.9444,7.66944,5.038512,1.970512,13.50624,34.384512,59.93704,14.071312,48.800784,58.532544,9.451552,23.065552,34.16392,11.814992,43.813616,25.041648,52.191264,69.463696,544.3936
94,474,13.12528,7.608064,4.851584,3.074208,12.51976,6.572128,13.853888,11.643184,9.003168,7.477392,4.91232,1.940128,13.53672,34.559952,60.038288,14.305696,49.199136,59.021376,9.292272,22.434128,33.098864,11.642352,42.568048,25.908256,53.29,70.758464,548.2768
95,475,13.15,7.62,4.86,3.08,12.54,6.58,13.88,11.71,9.06,7.29,4.79,1.91,13.56,34.7,60.12,14.54,49.58,59.48,8.94,21.6,31.84,11.42,41.1,26.76,54.33,71.99,552.0
96,476,13.172928,7.630224,4.866096,3.084336,12.556304,6.585904,13.90192,11.772176,9.114896,7.101616,4.66656,1.876272,13.577392,34.808832,60.183744,14.776384,49.944496,59.910848,8.387632,20.551744,30.374768,11.151536,39.401552,27.594832,55.306304,73.151584,555.5504
97,477,13.19472,7.639072,4.87008,3.087376,12.569024,6.590064,13.919648,11.829712,9.16808,6.86408,4.496752,1.799952,13.59064,34.886832,60.23232,15.018112,50.295584,60.316464,7.409712,19.026752,28.43448,10.788512,37.199376,28.385648,56.188624,74.205216,558.9536
98,478,13.213392,7.64592,4.871984,3.089216,12.577664,6.592304,13.933376,11.883088,9.218944,6.756384,4.450624,1.828672,13.598368,34.940672,60.261696,15.26216,50.628272,60.6948,6.887712,18.0504,27.077072,10.550688,35.57608,29.233504,57.082624,75.283888,562.1008
99,479,13.225744,7.649728,4.871888,3.090016,12.581424,6.592304,13.943424,11.933024,9.266448,7.055168,4.790896,2.190672,13.598256,34.982192,60.265152,15.503248,50.93424,61.042736,8.192512,19.215568,27.943744,10.777264,36.213184,30.29608,58.153184,76.59464,564.816
100,480,13.23,7.65,4.87,3.09,12.58,6.59,13.95,11.98,9.31,7.91,5.66,3.01,13.59,35.02,60.24,15.74,51.21,61.36,12.08,23.4,31.94,11.66,40.04,31.66,59.49,78.25,567.0
101,481,13.226352,7.646736,4.866176,3.089008,12.573344,6.585344,13.953104,12.024032,9.349792,9.276144,7.01464,4.24864,13.572528,35.050848,60.186304,15.972032,51.454976,61.644896,18.339248,30.360128,38.813424,13.141232,46.79704,33.297616,61.064672,80.213488,568.6608
102,482,13.213792,7.63928,4.859824,3.086496,12.560704,6.577824,13.952816,12.065248,9.385744,11.184224,8.881344,5.928272,13.540448,35.069712,60.098816,16.19256,51.661712,61.8896,27.117792,40.27024,48.736432,15.234128,56.65736,35.220224,62.891984,82.501888,569.7408
103,483,13.196352,7.630064,4.853072,3.084224,12.544944,6.569344,13.949008,12.103504,9.418656,13.334624,10.982448,7.812224,13.511408,35.091296,59.998848,16.428048,51.856768,62.119904,37.056736,51.542032,60.09136,17.673824,67.98208,37.277712,64.803536,84.905408,570.4528
104,484,13.180512,7.622928,4.8492,3.084912,12.530544,6.562864,13.94144,12.13848,9.449808,15.255344,12.880512,9.527536,13.513008,35.1376,59.91968,16.719616,52.081904,62.376128,46.00232,61.658304,70.314128,20.03848,78.1724,39.2332,66.534048,87.093888,571.1408
105,485,13.17,7.62,4.85,3.09,12.52,6.56,13.93,12.17,9.48,16.64,14.29,10.83,13.56,35.22,59.88,17.09,52.36,62.68,52.56,68.99,77.74,22.04,85.54,40.93,67.91,88.85,572.0
106,486,13.164064,7.62088,4.855168,3.099216,12.512864,6.560464,13.914848,12.198288,9.509184,17.529664,15.248416,11.751456,13.649936,35.33768,59.877456,17.53648,52.687264,63.028016,56.92712,73.766784,82.60152,23.709168,90.321696,42.385072,68.95352,90.199296,572.9984
107,487,13.163712,7.626384,4.865472,3.113264,12.510064,6.564944,13.896128,12.223584,9.537616,17.907264,15.742288,12.281744,13.790528,35.499136,59.920528,18.070528,53.074128,63.431184,59.028016,75.896592,84.8136,25.046784,92.43496,43.588672,69.656016,91.130368,574.2128
108,488,13.16336,7.632208,4.876896,3.128352,12.506704,6.569824,13.873968,12.24576,9.564608,17.823344,15.8024,12.439072,13.94368,35.667072,59.9716,18.641296,53.469312,63.835632,59.112672,75.68352,84.63064,25.95944,92.123424,44.544672,70.033952,91.65408,575.2912
109,489,13.153968,7.631472,4.88304,3.13848,12.494944,6.569344,13.848528,12.264576,9.58896,17.400784,15.518512,12.28784,14.048912,35.782368,59.970112,19.167264,53.790976,64.15568,57.768208,73.832288,82.68712,26.349776,90.008208,45.283792,70.138688,91.820592,575.6656
110,490,13.13,7.62,4.88,3.14,12.47,6.56,13.82,12.28,9.61,16.73,14.96,11.88,14.07,35.81,59.88,19.6,53.99,64.34,55.42,70.85,79.45,26.17,86.55,45.83,70.01,91.67,575.0
111,491,13.092672,7.598688,4.868576,3.133616,12.432912,6.54256,13.788608,12.292336,9.62816,15.783712,14.103632,11.19664,14.013696,35.75632,59.7076,19.949904,54.075424,64.39792,51.936336,66.581088,74.767776,25.410112,81.597856,46.166832,69.633088,91.185312,573.3632
112,492,13.0416,7.567168,4.848416,3.118912,12.383344,6.516784,13.754608,12.30184,9.643728,14.542704,12.9288,10.218352,13.87376,35.613952,59.44472,20.209696,54.038512,64.320032,47.227072,60.9252,68.5276,24.03368,75.034704,46.277712,68.994352,90.35168,570.6912
113,493,12.980368,7.528608,4.822336,3.098768,12.324576,6.485168,13.718288,12.309104,9.657136,13.129936,11.565168,9.064624,13.686544,35.423424,59.132,20.429488,53.92792,64.158544,41.819728,54.473872,61.389584,22.241168,67.548032,46.227072,68.172016,89.260848,567.3632
114,494,12.915136,7.488368,4.795136,3.078064,12.262208,6.451952,13.679968,12.314928,9.669024,11.722528,10.202976,7.912416,13.512528,35.251536,58.83672,20.692,53.824768,64.000336,36.471664,48.072544,54.310128,20.348976,60.13696,46.113072,67.28152,88.049056,564.0032
115,495,12.85,7.45,4.77,3.06,12.2,6.42,13.64,12.32,9.68,10.44,8.97,6.88,13.39,35.14,58.6,21.05,53.78,63.9,31.69,42.29,47.93,18.57,53.47,46.0,66.4,86.81,561.0
116,496,12.784224,7.412976,4.746448,3.04408,12.137392,6.388976,13.598608,12.324512,9.690192,9.289472,7.870256,5.969328,13.312176,35.081072,58.413728,21.494912,53.783856,63.847312,27.505856,37.166144,42.28024,16.894992,47.575104,45.888352,65.53184,85.5516,558.2912
117,497,12.717808,7.377488,4.724656,3.030528,12.074496,6.359088,13.555888,12.328544,9.699536,8.299776,6.931648,5.205424,13.282784,35.079184,58.28392,22.031888,53.84104,63.847584,24.050448,32.848672,37.516464,15.355888,42.610352,45.795952,64.699296,84.300448,555.9392
118,498,12.651392,7.34368,4.704784,3.019136,12.012,6.3308,13.512768,12.333216,9.7096,7.44792,6.1308,4.564,13.286592,35.112256,58.179072,22.642944,53.928384,63.875776,21.18136,29.1964,33.480528,13.947664,38.4116,45.694112,63.877312,83.047856,553.6992
119,499,12.585376,7.311232,4.686592,3.009104,11.950384,6.304352,13.470528,12.340048,9.722624,6.673504,5.406032,3.984416,13.29488,35.140768,58.045424,23.29288,54.003488,63.886048,18.573392,25.871488,29.797312,12.62352,34.590208,45.526032,63.011008,81.759424,551.1392
120,500,12.52,7.28,4.67,3.0,11.89,6.28,13.43,12.35,9.74,5.94,4.72,3.43,13.29,35.14,57.85,23.96,54.04,63.85,16.03,22.67,26.24,11.36,30.91,45.26,62.07,80.42,548.0
121,501,12.455824,7.250592,4.655584,2.992416,11.831408,6.258304,13.391264,12.363136,9.76176,5.27088,4.096864,2.923008,13.278624,35.117792,57.601456,24.652368,54.04632,63.776688,13.6552,19.708192,22.936448,10.19344,27.5024,44.912944,61.07432,79.051808,544.3584
122,502,12.393632,7.2236,4.643904,2.986816,11.77528,6.23984,13.354608,12.379776,9.7884,4.67608,3.54712,2.47224,13.262272,35.075856,57.298432,25.370944,54.023264,63.666736,11.47984,17.02584,19.930848,9.141824,24.41408,44.486592,60.029232,77.660496,540.1952
123,503,12.33184,7.198448,4.634544,2.983056,11.720672,6.224336,13.319472,12.399056,9.81848,4.15584,3.070096,2.080432,13.24624,35.01928,56.959408,26.12264,53.978848,63.529904,9.55136,14.658528,17.260528,8.220528,21.6732,44.01768,58.965264,76.288224,535.712
124,504,12.267808,7.174096,4.626704,2.980816,11.665904,6.211152,13.284816,12.419456,9.84952,3.71104,2.665232,1.752624,13.240048,34.958224,56.616384,26.919936,53.927952,63.383952,7.9512,12.667616,14.990608,7.447472,19.33168,43.563488,57.929056,74.996112,531.2448
125,505,12.2,7.15,4.62,2.98,11.61,6.2,13.25,12.44,9.88,3.34,2.33,1.49,13.25,34.9,56.29,27.77,53.88,63.24,6.72,11.08,13.15,6.83,17.41,43.16,56.95,73.82,527.0
126,506,12.128912,7.126544,4.614816,2.980896,11.553408,6.191344,13.215216,12.460816,9.91024,3.03904,2.060928,1.288784,13.27536,34.843664,55.976928,28.668416,53.832624,63.095296,5.831648,9.870496,11.711648,6.366032,15.880976,42.803328,56.025904,72.757152,522.944
127,507,12.05448,7.103888,4.611344,2.983696,11.496272,6.185536,13.180432,12.481696,9.94,2.80632,1.856096,1.147632,13.31728,34.78952,55.679728,29.61224,53.786448,62.950784,5.28304,9.034128,10.669328,6.059808,14.736,42.49992,55.163024,71.819344,519.12
128,508,11.978288,7.082832,4.610352,2.988976,11.439296,6.183008,13.145968,12.503056,9.9704,2.62696,1.701504,1.05208,13.37496,34.743056,55.392928,30.598464,53.738752,62.801792,4.980512,8.47496,9.925808,5.867744,13.883664,42.227392,54.341984,70.953376,515.36
129,509,11.902896,7.064576,4.61296,2.997536,11.3836,6.18432,13.112384,12.525696,10.00336,2.47984,1.577472,0.981088,13.44608,34.711392,55.105008,31.622608,53.684176,62.63976,4.781664,8.049632,9.335968,5.72288,13.189408,41.945744,53.528144,70.071968,511.376
130,510,11.83,7.05,4.62,3.01,11.33,6.19,13.08,12.55,10.04,2.35,1.47,0.92,13.53,34.7,54.81,32.68,53.62,62.46,4.59,7.66,8.8,5.58,12.56,41.63,52.7,69.12,507.0
131,511,11.759536,7.039296,4.631728,3.026656,11.278624,6.200352,13.04864,12.575488,10.079824,2.235408,1.37696,0.8676,13.629072,34.710464,54.512368,33.7664,53.547856,62.26472,4.40608,7.302896,8.313792,5.439504,11.989232,41.287792,51.864352,68.107456,502.28
132,512,11.691888,7.032832,4.648592,3.047936,11.229776,6.215648,13.018208,12.601776,10.12264,2.13208,1.294464,0.82056,13.7448,34.744416,54.213088,34.876464,53.467392,62.053712,4.213952,6.95896,7.857088,5.293264,11.456544,40.920192,51.022224,67.029936,497.192
133,513,11.62664,7.030768,4.670656,3.073936,11.183648,6.236704,12.988496,12.628384,10.167696,2.038112,1.220608,0.77776,13.881488,34.805168,53.922128,36.004608,53.385008,61.834144,4.014944,6.627584,7.426704,5.143824,10.956976,40.533712,50.180096,65.909456,491.928
134,514,11.562832,7.033104,4.69776,3.104576,11.14032,6.26456,12.959184,12.654672,10.213792,1.954144,1.155872,0.74072,14.045056,34.89624,53.654528,37.144832,53.310544,61.617216,3.829696,6.327968,7.03856,5.003824,10.503088,40.140832,49.349968,64.787296,486.8
135,515,11.5,7.04,4.73,3.14,11.1,6.3,12.93,12.68,10.26,1.88,1.1,0.71,14.24,35.02,53.42,38.29,53.25,61.41,3.67,6.07,6.7,4.88,10.1,39.75,48.54,63.69,482.0
136,516,11.438688,7.051952,4.767904,3.180752,11.063088,6.343408,12.90096,12.70416,10.306336,1.812608,1.050048,0.682976,14.468176,35.178,53.218864,39.434608,53.203104,61.212,3.519632,5.835312,6.39168,4.763872,9.728928,39.360016,47.749168,62.61072,477.4976
137,517,11.3792,7.069408,4.811856,3.227296,11.029888,6.395344,12.872176,12.727184,10.352896,1.750032,1.004128,0.65816,14.732448,35.372608,53.054528,40.575648,53.172048,61.024944,3.368144,5.612224,6.100784,4.650944,9.377136,38.972032,46.978496,61.550016,473.328
138,518,11.322272,7.092864,4.862768,3.2804,11.001088,6.45568,12.842992,12.747328,10.398416,1.691856,0.961888,0.635584,15.03304,35.600096,52.920432,41.693408,53.149872,60.844048,3.224496,5.404576,5.830048,4.538976,9.046864,38.587248,46.229424,60.505392,469.3424
139,519,11.268944,7.12288,4.92184,3.341024,10.977568,6.523936,12.812448,12.762112,10.441136,1.63832,0.923648,0.615888,15.368752,35.853824,52.804496,42.760928,53.124816,60.660752,3.104608,5.221488,5.587712,4.425648,8.745872,38.206064,45.502752,59.469728,465.2848
140,520,11.22,7.16,4.99,3.41,10.96,6.6,12.78,12.77,10.48,1.59,0.89,0.6,15.74,36.13,52.7,43.76,53.09,60.47,3.02,5.07,5.38,4.31,8.48,37.83,44.8,58.44,461.0
141,521,11.175632,7.204592,5.0676,3.48776,10.948624,6.684368,12.745792,12.771056,10.515088,1.551712,0.865456,0.592128,16.149744,36.430976,52.61,44.688848,53.0472,60.2736,2.987312,4.966304,5.222064,4.19472,8.263152,37.464784,44.126064,57.423744,456.5376
142,522,11.136112,7.256944,5.155088,3.57472,10.943728,6.77728,12.709792,12.764928,10.546176,1.532896,0.858928,0.600144,16.59984,36.758336,52.534272,45.542928,52.995232,60.071488,3.041936,4.944576,5.147008,4.084416,8.126224,37.118048,43.487584,56.428592,451.9024
143,523,11.101792,7.317936,5.252816,3.67176,10.945552,6.879872,12.672752,12.75296,10.574464,1.52304,0.8604,0.61648,17.096416,37.113856,52.481984,46.326448,52.942144,59.867776,3.14,4.963088,5.113152,3.977072,8.030416,36.787712,42.881904,55.45488,447.1792
144,524,11.072992,7.388688,5.361024,3.77992,10.954256,6.993744,12.635872,12.737472,10.601952,1.503904,0.852512,0.627616,17.647792,37.500176,52.467536,47.049808,52.901056,59.669184,3.205104,4.94968,5.048896,3.868608,7.909088,36.468176,42.302864,54.501088,442.512
145,525,11.05,7.47,5.48,3.9,10.97,7.12,12.6,12.72,10.63,1.47,0.83,0.63,18.26,37.92,52.5,47.72,52.88,59.48,3.21,4.88,4.93,3.76,7.74,36.16,41.75,53.57,438.0
146,526,11.03312,7.562128,5.610176,4.032448,10.993024,7.258736,12.56512,12.700304,10.658496,1.47576,0.846464,0.669344,18.934912,38.373632,52.578768,48.334512,52.877776,59.299824,3.402752,5.042528,5.063776,3.702608,7.834848,35.899648,41.253952,52.704032,433.6864
147,527,11.022672,7.665456,5.751936,4.17784,11.023552,7.410192,12.531312,12.67848,10.687584,1.61096,0.99104,0.82152,19.675616,38.859936,52.706224,48.892848,52.896144,59.129616,4.20872,5.944688,5.996352,3.789632,8.752576,35.747872,40.865424,51.97784,429.6832
148,528,11.018704,7.779824,5.905616,4.336112,11.0616,7.574368,12.498944,12.654576,10.717472,1.79144,1.177776,1.014096,20.48152,39.38824,52.87584,49.398544,52.928112,58.967088,5.167648,7.004368,7.085728,3.909776,9.822224,35.646096,40.535856,51.308528,425.864
149,529,11.021136,7.904752,6.071536,4.506864,11.107088,7.751024,12.468416,12.628432,10.74824,1.86784,1.254832,1.118752,21.349904,39.972224,53.076016,49.85624,52.96176,58.808,5.481456,7.219808,7.230704,3.87184,9.895952,35.49016,40.178928,50.551776,421.9968
150,530,11.03,8.04,6.25,4.69,11.16,7.94,12.44,12.6,10.78,1.8,1.18,1.1,22.28,40.62,53.3,50.27,52.99,58.65,4.9,6.26,6.06,3.61,8.58,35.25,39.77,49.66,418.0
151,531,11.070576,8.207376,6.462464,4.90736,11.244272,8.16232,12.441488,12.59672,10.83904,1.62344,0.990576,0.993296,23.440144,41.488608,53.74448,50.824544,53.196416,58.682848,3.6344,4.361376,3.827648,3.2136,6.133376,35.113616,39.50016,48.832976,414.832
152,532,11.193104,8.450064,6.751536,5.201952,11.4076,8.459808,12.528384,12.673136,10.977632,1.24008,0.592736,0.726576,25.16288,42.89592,54.79768,51.887264,53.943552,59.283808,1.294128,1.019328,-0.013952,2.680816,1.990704,35.343456,39.656896,48.328048,414.184
153,533,11.322832,8.703792,7.053968,5.510464,11.578688,8.769616,12.61744,12.747792,11.117744,1.2472,0.574176,0.786976,26.956736,44.357952,55.88352,52.914784,54.693008,59.890128,0.595776,-0.46648,-1.905552,2.478912,-0.198448,35.843456,40.057792,48.12576,414.064
154,534,11.33504,8.86136,7.26416,5.727136,11.638656,8.987024,12.569856,12.684848,11.129216,2.55784,1.832896,1.917216,28.001152,45.068224,56.04152,52.999344,54.547344,59.563568,5.685824,4.953312,3.602528,3.305168,5.15696,36.399456,40.353568,48.128672,411.056
155,535,11.18,8.88,7.34,5.81,11.54,9.07,12.33,12.43,10.96,5.71,4.9,4.56,27.97,44.7,54.89,51.78,53.15,57.93,19.05,20.29,19.76,5.62,21.39,37.04,40.5,48.44,404.0
156,536,10.839472,8.743824,7.265904,5.74352,11.265104,9.00296,11.878,11.963856,10.59144,10.492784,9.565984,8.533856,26.69704,43.097056,52.232352,49.079136,50.318416,54.800432,39.63856,44.331616,45.272624,9.17568,47.187056,37.468288,40.214528,48.728928,392.0448
157,537,10.176752,8.334992,6.925808,5.411104,10.683488,8.671296,11.06328,11.138832,9.881984,16.77536,15.693376,13.699856,23.187696,39.310992,46.9012,43.809024,44.964128,49.043488,66.575056,76.18824,79.210688,13.576592,81.627152,36.629216,38.409952,47.89624,370.232
158,538,9.647552,8.04552,6.705952,5.201728,10.228992,8.455232,10.3884,10.448208,9.304368,24.263216,23.021088,19.906416,20.590992,36.344688,42.588288,39.433072,40.53376,44.241824,99.278352,114.767264,120.347472,19.426144,123.396288,37.416544,38.153696,48.885552,354.4272
159,539,9.969552,8.492848,7.214656,5.727872,10.584976,8.953808,10.64488,10.668784,9.603072,32.481872,31.1268,26.905776,23.878288,38.941024,45.122176,41.41744,42.468512,46.05184,136.783488,158.278208,166.671936,27.659936,170.340384,44.391472,44.28256,56.333424,369.5904
160,540,11.53,10.01,8.78,7.32,12.12,10.49,12.26,12.22,11.18,40.98,39.59,34.4,35.7,49.63,57.61,52.68,53.67,57.49,177.64,204.67,215.94,38.59,220.12,59.86,59.27,72.56,429.0
161,541,14.246704,12.526,11.332016,9.907872,14.755568,12.994656,15.14328,15.013312,13.950128,49.76176,48.410272,42.374912,55.557712,67.934688,79.467504,72.677184,73.594368,77.990928,221.827264,253.98472,268.2092,52.07768,272.805872,83.342432,82.611424,97.0732,529.6864
162,542,18.278912,16.17768,15.005472,13.627168,18.643312,16.600352,19.47032,19.221248,18.078688,59.043056,57.811648,51.044896,84.776112,95.114688,112.248928,102.865232,103.69328,109.063824,270.876512,307.832864,325.177152,68.680544,330.093248,116.280544,115.783456,131.379952,677.3632
163,543,22.72872,20.19176,19.038368,17.711744,22.926976,20.556208,24.2524,23.873984,22.635728,67.388752,66.319824,59.01488,116.554512,124.700048,147.977152,135.79536,136.526272,142.97464,316.01272,356.845088,376.958224,85.174368,382.085664,151.099056,151.054368,167.527344,839.032
164,544,26.171888,23.34184,22.222224,20.9464,26.24856,23.671504,27.92104,27.43288,26.145968,72.684688,71.75616,64.208544,140.112432,146.433728,174.006976,159.655968,160.297744,167.462256,344.063328,387.033792,408.805456,96.600992,414.034,175.890368,176.25232,193.030176,962.5248
165,545,27.74,24.88,23.82,22.59,27.78,25.22,29.52,28.96,27.71,73.69,72.84,65.4,148.98,154.16,182.75,167.36,167.93,175.17,347.34,390.25,412.13,100.0,417.35,183.53,184.09,200.42,1016.0
166,546,27.5876,24.938928,23.962352,22.774016,27.668432,25.330288,29.21992,28.622992,27.488336,70.585424,69.759632,62.773632,144.312704,148.981776,175.564896,160.182192,160.693136,167.418256,327.040912,367.738,388.238544,95.852304,393.334656,175.267904,175.850128,191.001504,1005.0944
167,547,25.5936,23.414,22.546128,21.394784,25.798176,23.900608,26.88792,26.291664,25.355968,63.110512,62.249504,56.08608,124.942912,129.794528,151.087552,136.85424,137.317392,142.88664,281.39264,317.587088,335.109984,83.602128,339.961984,149.789936,150.195888,163.393664,925.528
168,548,22.45424,20.904272,20.161344,19.045472,22.8332,21.512288,23.29096,22.718976,22.0344,52.86216,51.932816,46.821248,97.3368,102.74056,116.899008,104.455808,104.876768,108.931824,220.810768,251.048496,264.640864,66.429552,269.157392,114.485568,114.626608,125.367984,802.3776
169,549,19.35304,18.428304,17.81128,16.73472,19.902224,19.153888,19.73256,19.184448,18.749872,42.455808,41.470688,37.419136,72.273968,78.059552,85.636464,74.786496,75.161824,77.814928,162.295936,186.468304,196.226544,49.610576,200.3612,81.63712,81.614848,89.839184,678.3392
170,550,17.05,16.64,16.14,15.11,17.73,17.46,17.05,16.51,16.29,33.61,32.61,29.48,56.55,62.21,65.27,55.29,55.61,57.27,116.8,135.69,142.39,36.54,146.13,59.03,59.06,65.0,581.0
171,551,15.391968,15.407152,15.01712,14.040208,16.1704,16.302112,15.075136,14.530816,14.496608,26.092064,25.110528,22.7772,48.833232,53.927792,54.240928,44.51464,44.769968,45.788096,82.674256,96.967104,101.287744,26.647328,104.620736,45.208656,45.472592,49.327584,504.9168
172,552,14.4056,14.752432,14.464784,13.547632,15.24888,15.702048,13.83776,13.276336,13.39776,20.01664,19.087536,17.412208,49.62168,53.68048,53.129728,43.004368,43.185248,43.935104,60.830048,71.280096,73.955264,20.169312,76.869072,40.744288,41.429968,43.421744,450.8896
173,553,13.956272,14.559152,14.368128,13.516496,14.83656,15.546464,13.190624,12.602096,12.854672,15.276016,14.421184,13.272496,56.231648,58.953008,58.822128,47.862576,47.957248,48.693792,48.5676,55.909888,57.535184,16.336896,60.049808,42.896,44.103424,44.451824,415.6704
174,554,13.736464,14.561552,14.465552,13.68336,14.63944,15.57736,12.796368,12.176976,12.549584,11.441872,10.661392,9.943424,63.643936,65.029136,65.481408,53.655024,53.649808,54.40648,40.134832,44.9316,45.788944,13.48632,47.966944,46.402272,48.08536,46.960224,390.5632
175,555,13.55,14.59,14.59,13.88,14.47,15.63,12.44,11.79,12.28,8.24,7.52,7.16,68.68,68.92,69.41,56.94,56.82,57.49,31.87,34.57,34.74,10.57,36.67,47.93,49.95,47.49,370.0
176,556,13.49184,14.725856,14.821376,14.186656,14.418832,15.78328,12.22656,11.544464,12.144736,5.892016,5.222352,5.127728,72.332992,71.566352,71.77152,58.805936,58.555696,59.075904,25.321168,26.489008,26.146656,8.06048,27.919344,48.604416,50.840208,47.223088,357.312
177,557,13.606992,15.007232,15.197008,14.640576,14.52872,16.074224,12.206144,11.489776,12.190832,4.545696,3.916704,3.980496,74.756368,73.124288,72.756848,59.435216,59.038608,59.352512,21.07504,21.365168,20.730224,6.137376,22.446608,48.67024,50.994624,46.427184,354.4384
178,558,13.835024,15.382528,15.66576,15.190896,14.742608,16.452288,12.312848,11.561168,12.356528,3.933696,3.336496,3.481824,76.311824,73.894624,72.753696,59.187056,58.62976,58.69752,18.553632,18.430208,17.653552,4.702832,19.381472,48.328704,50.64536,45.28576,358.1728
179,559,14.094656,15.782704,16.159232,15.769776,14.983936,16.849792,12.457792,11.6712,12.558624,3.639136,3.067648,3.264592,77.88056,74.64392,72.734144,58.962096,58.232912,58.054688,17.144464,16.770848,15.9104,3.675968,17.661536,48.208848,50.481296,44.408576,363.7552
180,560,14.33,16.16,16.63,16.33,15.2,17.22,12.58,11.76,12.74,3.38,2.83,3.08,79.99,75.83,73.28,59.3,58.39,57.99,16.37,15.71,14.76,2.98,16.51,48.67,50.9,44.14,368.0
181,561,14.535408,16.509056,17.072592,16.865728,15.385344,17.557744,12.673504,11.822128,12.895136,3.168016,2.633968,2.93728,82.31896,77.157072,74.025168,59.863408,58.765904,58.15488,15.968432,14.996864,13.941168,2.540752,15.67264,49.403056,51.579088,44.162592,371.0192
182,562,14.699984,16.820448,17.4776,17.367376,15.529728,17.853728,12.726288,11.846288,13.013088,2.967376,2.442816,2.804944,84.745584,78.505104,74.825216,60.520816,59.23392,58.4188,15.690352,14.349488,13.150832,2.302112,14.844592,50.267504,52.37392,44.32712,372.4688
183,563,14.82496,17.09336,17.843488,17.832464,15.633872,18.107872,12.740832,11.835008,13.09544,2.765296,2.245904,2.668768,87.172528,79.810976,75.594464,61.194224,59.710736,58.69216,15.424032,13.686512,12.323776,2.188592,13.968144,51.172672,53.196352,44.541008,372.4704
184,564,14.924256,17.336992,18.178336,18.267712,15.710256,18.330256,12.734016,11.804848,13.156832,2.593616,2.078352,2.552592,89.439712,80.973008,76.192512,61.754832,60.058032,58.82608,15.166672,13.087536,11.57968,2.121472,13.179376,51.9976,53.925744,44.685776,371.776
185,565,15.01,17.56,18.49,18.68,15.77,18.53,12.72,11.77,13.21,2.47,1.96,2.47,91.47,81.95,76.56,62.15,60.22,58.76,14.92,12.6,10.99,2.05,12.56,52.69,54.51,44.71,371.0
186,566,15.06992,17.75176,18.767888,19.058512,15.8016,18.6968,12.685568,11.71768,13.242576,2.350672,1.84736,2.383728,93.266208,82.744608,76.69864,62.381152,60.19824,58.496112,14.55704,12.056448,10.369632,1.952592,11.916688,53.2296,54.93192,44.589632,369.5264
187,567,15.08472,17.89504,18.994768,19.385584,15.786672,18.814272,12.610672,11.627808,13.23504,2.200976,1.706864,2.263648,94.736288,83.284496,76.508304,62.351424,59.886736,57.92224,13.947392,11.306272,9.556656,1.799392,11.078864,53.509392,55.087952,44.216448,366.4304
188,568,15.1116,18.0404,19.220688,19.711296,15.780304,18.930704,12.554736,11.561616,13.246064,2.06728,1.583408,2.156368,96.235728,83.878624,76.395568,62.455296,59.717552,57.496608,13.380784,10.616896,8.82312,1.657392,10.32936,53.911824,55.353824,43.970784,364.2704
189,569,15.2396,18.26688,19.524048,20.114368,15.868256,19.121456,12.61008,11.614064,13.366848,2.029264,1.553872,2.140768,98.325488,85.008912,76.996592,63.309168,60.365488,57.934976,13.334416,10.43456,8.623024,1.644112,10.139456,55.040496,56.321936,44.45376,367.0384
190,570,15.52,18.62,19.95,20.64,16.1,19.43,12.83,11.84,13.65,2.14,1.67,2.27,101.32,86.95,78.67,65.26,62.21,59.64,14.12,11.05,9.25,1.84,10.81,57.24,58.33,46.01,377.0
191,571,15.9344,19.083328,20.482096,21.271296,16.458048,19.840848,13.195856,12.220384,14.07704,2.379936,1.912816,2.525472,105.117024,89.608416,81.306064,68.20432,65.138784,62.493232,15.656112,12.390224,10.630864,2.212176,12.264864,60.406032,61.275104,48.536272,393.4288
192,572,16.47824,19.65288,21.116208,22.003856,16.938304,20.350304,13.703376,12.750896,14.643744,2.7288,2.261168,2.886448,109.740048,92.978864,84.935248,72.177856,69.193472,66.539888,17.891744,14.419696,12.7364,2.719552,14.4816,64.561584,65.179344,52.054224,416.3984
193,573,17.10176,20.284512,21.80888,22.793456,17.49304,20.91664,14.301216,13.378768,15.299088,3.225984,2.7596,3.397344,114.731952,96.740352,89.047472,76.672592,73.81104,71.182544,20.901536,17.186128,15.587696,3.455008,17.438736,69.267696,69.608544,56.140336,443.0
194,574,17.7256,20.907824,22.490832,23.569776,18.046016,21.473216,14.907296,14.0196,15.961552,3.928368,3.472992,4.12248,119.367776,100.38208,92.831056,80.879968,78.095488,75.47016,24.767568,20.73072,19.184512,4.556784,21.070352,73.822048,73.868624,60.115488,468.6016
195,575,18.29,21.47,23.11,24.28,18.54,21.97,15.46,14.61,16.57,4.86,4.43,5.09,123.16,103.54,95.74,84.26,81.45,78.77,29.5,25.05,23.5,6.09,25.31,77.75,77.49,63.52,490.0
196,576,18.80464,21.979632,23.674736,24.932352,18.984512,22.415328,15.969456,15.160384,17.134432,6.001648,5.611232,6.282624,126.189008,106.273792,97.867952,86.905136,83.977168,81.191152,35.01232,30.05048,28.439424,8.02168,30.071136,81.12512,80.546656,66.421008,507.7248
197,577,19.2896,22.454112,24.20216,25.543776,19.3988,22.82608,16.456096,15.691808,17.674928,7.351184,7.01712,7.704944,128.496752,108.662992,99.267472,88.857312,85.7204,82.778224,41.216576,35.594448,33.846496,10.362928,35.194416,83.979936,83.074864,68.842416,522.256
198,578,19.65344,22.814512,24.613904,26.03568,19.696448,23.126592,16.827296,16.108672,18.100304,8.80512,8.535248,9.237024,129.922976,110.356752,99.748432,89.973648,86.538352,83.389136,47.886192,41.634656,39.732048,12.892256,40.723216,86.150512,84.902592,70.630784,531.5472
199,579,19.764,22.946912,24.796848,26.294784,19.752576,23.207504,16.949296,16.272896,18.27896,10.207776,9.995376,10.696384,130.28816,110.866272,99.092272,90.107424,86.294144,82.890608,54.708688,48.139344,46.15864,15.270224,46.774656,87.452368,85.83168,71.617392,532.8944
200,580,19.55,22.79,24.69,26.26,19.5,23.01,16.75,16.11,18.14,11.45,11.28,11.96,129.53,109.94,97.22,89.22,84.96,81.26,61.4,54.98,53.05,17.27,53.31,87.81,85.78,71.73,525.0
201,581,19.021728,22.352688,24.302192,25.94,18.94856,22.542816,16.239648,15.63048,17.69344,12.534368,12.39288,13.033168,127.645072,107.610752,94.130208,87.301712,82.523312,78.4828,67.950016,62.111632,60.348608,18.899952,60.263072,87.209152,84.736544,70.952032,507.9872
202,582,18.14912,21.608992,23.607824,25.30896,18.069728,21.781152,15.387456,14.802512,16.908864,13.45672,13.326368,13.903104,124.525056,103.745472,89.697472,84.237568,78.861072,74.430416,74.485392,69.707456,68.244368,20.126976,67.815776,85.541392,82.590832,69.188464,480.9232
203,583,17.103392,20.707696,22.753456,24.51392,17.026816,20.867888,14.367664,13.805584,15.958208,14.170352,14.048256,14.56496,120.79808,99.113232,84.649056,80.684784,74.680192,69.841872,80.207888,76.6732,75.543088,20.97096,74.80104,83.356752,79.91416,66.913056,449.1632
204,584,16.156544,19.88504,21.971888,23.78848,16.079104,20.029824,13.457072,12.924896,15.114592,14.623664,14.530464,15.033216,117.435344,94.926272,80.11016,77.6564,71.068272,65.853328,83.948064,81.367504,80.444128,21.503664,79.455424,81.513312,77.597408,64.867088,421.0912
205,585,15.48,19.29,21.41,23.28,15.39,19.41,12.83,12.34,14.55,14.79,14.76,15.32,115.05,91.95,76.79,75.79,68.71,63.18,85.05,82.84,81.9,21.77,80.75,80.55,76.2,63.52,402.0
206,586,15.04976,18.901968,21.047472,22.968048,14.936816,18.9888,12.461872,12.02544,14.240192,14.665968,14.730016,15.412784,113.576752,90.085264,74.61128,75.017104,67.533616,61.747712,83.58808,81.221824,80.063488,21.750832,78.840544,80.408416,75.660784,62.824736,391.24
207,587,14.888032,18.740416,20.903376,22.87176,14.740976,18.785168,12.375264,12.004384,14.207488,14.235632,14.426656,15.3004,113.1132,89.436352,73.686896,75.440704,67.651232,61.674592,79.305328,76.23992,74.656128,21.45744,73.47048,81.185472,76.07928,62.864976,389.5632
208,588,14.907424,18.729824,20.90408,22.917072,14.718736,18.726336,12.480256,12.183888,14.362944,13.588016,13.922176,15.028816,113.318208,89.61336,73.612992,76.686304,68.659088,62.536672,73.497696,69.331056,67.180048,20.871328,66.060896,82.544528,77.106656,63.381376,394.1984
209,589,14.948576,18.732272,20.914864,22.968544,14.717456,18.679424,12.613248,12.394992,14.5448,12.86432,13.330576,14.668912,113.572496,89.903008,73.659648,78.080144,69.830704,63.571472,68.248864,62.832432,60.083968,19.958576,58.931712,83.884384,78.120032,63.900576,400.0896
210,590,14.91,18.66,20.85,22.94,14.64,18.56,12.67,12.53,14.65,12.16,12.73,14.27,113.48,89.85,73.36,79.19,70.7,64.29,64.86,58.22,54.92,18.72,53.56,84.83,78.73,64.13,404.0
211,591,14.820128,18.537936,20.734048,22.856144,14.513568,18.392144,12.67928,12.618464,14.70696,11.476112,12.12528,13.842256,113.149968,89.582544,72.838432,80.126704,71.386368,64.817488,63.121568,55.252544,51.43584,17.180848,49.711056,85.485888,79.04448,64.160368,406.8144
212,592,14.681504,18.368624,20.56976,22.719792,14.340416,18.178176,12.643216,12.662448,14.717744,10.836816,11.541056,13.412496,112.595328,89.11472,72.103632,80.895184,71.894928,65.158992,63.197616,54.085696,49.786608,15.330608,47.528416,85.847248,79.059696,63.991936,408.6144
213,593,14.50592,18.162272,20.366592,22.54048,14.132704,17.929088,12.574352,12.674832,14.694928,10.2288,10.967152,12.962256,111.845008,88.486256,71.200272,81.532224,72.265328,65.358176,64.342064,54.065408,49.346176,13.365408,46.477376,86.046208,78.904112,63.740704,409.6384
214,594,14.322816,17.94424,20.148464,22.342288,13.919952,17.67104,12.503728,12.687616,14.669472,9.611984,10.370368,12.449456,110.988048,87.808912,70.250992,82.145744,72.613968,65.54032,65.226512,53.97888,48.932864,11.576848,45.524896,86.326848,78.817968,63.614272,410.6224
215,595,14.15,17.73,19.93,22.14,13.72,17.42,12.45,12.72,14.66,8.97,9.74,11.86,110.08,87.15,69.33,82.8,73.01,65.78,65.01,53.06,47.8,10.15,44.02,86.84,78.95,63.74,412.0
216,596,13.975984,17.509888,19.701936,21.924336,13.52176,17.166592,12.401024,12.759312,14.654512,8.379008,9.165488,11.298272,109.077248,86.458784,68.383696,83.443152,73.39768,66.018368,64.584096,52.065648,46.64272,9.160192,42.557472,87.539808,79.247712,64.084256,413.392
217,597,13.79512,17.279152,19.459632,21.69056,13.320064,16.906528,12.350912,12.799312,14.647248,7.94712,8.781792,10.925216,107.949328,85.706256,67.382352,84.045024,73.745168,66.221936,65.289184,52.069168,46.409296,8.815408,41.921376,88.429968,79.701312,64.658624,414.5664
218,598,13.608176,17.039296,19.205088,21.441264,13.114608,16.640224,12.29936,12.839712,14.637824,7.583232,8.467376,10.60112,106.736048,84.907408,66.341328,84.618416,74.064016,66.402544,65.295072,51.622128,45.826352,8.748384,41.07232,89.445648,80.270272,65.385792,415.6208
219,599,13.416192,16.7924,18.941184,21.180208,12.904672,16.36792,12.245808,12.880032,14.62552,7.122704,8.00432,10.074544,105.500208,84.0868,65.285184,85.185488,74.374624,66.580912,61.62464,48.374528,42.834368,8.33016,38.329904,90.471488,80.879392,66.13224,416.7312
220,600,13.22,16.54,18.67,20.91,12.69,16.09,12.19,12.92,14.61,6.52,7.33,9.28,104.28,83.26,64.23,85.76,74.69,66.77,53.17,41.44,36.65,7.26,33.05,91.44,81.48,66.82,418.0
221,601,13.019888,16.282496,18.391952,20.63112,12.471104,15.807136,12.132208,12.95976,14.591744,5.747536,6.409856,8.17368,103.071104,82.425312,63.174688,86.33864,75.006528,66.96616,39.518896,30.50632,26.999104,5.562896,25.013184,92.359504,82.08304,67.457216,419.3936
222,602,12.816176,16.020496,18.107808,20.344704,12.248208,15.519904,12.07256,12.999392,14.571184,4.564512,4.935376,6.37624,101.883808,81.586048,62.122208,86.922336,75.323456,67.169104,17.335312,12.997168,11.641952,2.881664,12.412,93.196048,82.685632,68.004032,420.9248
223,603,12.609504,15.754336,17.817824,20.050048,12.022592,15.229072,12.011712,13.039104,14.548704,3.817328,3.993536,5.23008,100.679072,80.733344,61.068048,87.504352,75.639824,67.375088,-1.740752,-2.076224,-1.60056,0.615632,1.558576,94.060032,83.292864,68.591568,422.48
224,604,12.400592,15.484096,17.52184,19.745392,11.796096,14.93552,11.950624,13.079216,14.524784,4.827904,5.282416,6.83024,99.390976,79.85104,60.002448,88.072688,75.952752,67.576992,0.560064,-0.567856,-0.447552,0.96928,2.366272,95.132576,83.919136,69.434784,423.8752
225,605,12.19,15.21,17.22,19.43,11.57,14.64,11.89,13.12,14.5,8.31,9.72,12.31,97.98,78.93,58.92,88.62,76.26,67.77,34.22,25.26,21.82,5.17,20.26,96.51,84.57,70.65,425.0
226,606,11.978064,14.932688,16.913136,19.105296,11.344464,14.34296,11.829904,13.161424,14.47464,14.07272,17.06176,21.366336,96.458176,77.974128,57.824576,89.150736,76.563792,67.95664,97.07944,73.728064,63.750672,12.899024,54.06704,98.162656,85.23736,72.203808,425.8736
227,607,11.765184,14.652736,16.601904,18.772368,11.119872,14.044832,11.770432,13.203344,14.448704,22.320928,27.570096,34.3172,94.825152,76.983184,56.717808,89.669232,76.867744,68.139968,192.736688,147.591696,127.7488,24.430112,105.724656,100.121552,85.921264,74.132048,426.472
228,608,11.551344,14.370464,16.287072,18.43264,10.89616,13.746224,11.712,13.246464,14.424208,31.532976,39.300512,48.776944,93.109088,75.96824,55.60408,90.172608,77.163136,68.313776,299.977056,230.538368,199.647408,37.62792,163.812352,102.165488,86.593328,76.189408,426.9104
229,609,11.336304,14.086112,15.96952,18.087952,10.672928,13.447776,11.655088,13.291824,14.404032,39.305104,49.180288,60.975728,91.356864,74.946816,54.489952,90.656304,77.436288,68.468624,385.075024,296.63032,256.917376,49.092368,210.167808,103.946384,87.211392,77.988128,427.3808
230,610,11.12,13.8,15.65,17.74,10.45,13.15,11.6,13.34,14.39,44.12,55.27,68.53,89.6,73.93,53.38,91.12,77.68,68.6,427.27,329.89,285.69,56.66,233.61,105.25,87.75,79.29,428.0
231,611,10.902848,13.51264,15.32904,17.38888,10.227808,12.85336,11.546896,13.390784,14.382144,46.233584,57.89904,71.845904,87.83568,72.918128,52.274896,91.567072,77.896448,68.710048,430.26792,333.162064,288.430368,60.6924,236.120464,106.104816,88.20536,80.12696,428.7392
232,612,10.685264,13.224544,15.007232,17.03376,10.00672,12.558464,11.49608,13.444144,14.381008,45.552736,56.951792,70.794704,86.067648,71.91624,51.1764,91.997488,78.083456,68.797776,391.670336,304.610848,263.510288,61.07456,216.375552,106.469168,88.558768,80.450688,429.6064
233,613,10.46728,12.936128,14.684944,16.6796,9.786752,12.265008,11.446944,13.499264,14.385152,42.681408,53.195984,66.266064,84.297376,70.913632,50.083904,92.432384,78.258304,68.878064,325.677552,255.055952,220.449248,58.48928,182.06208,106.51656,88.856576,80.460256,430.5216
234,614,10.248816,12.647792,14.362416,16.33368,9.567824,11.972272,11.398448,13.554864,14.392016,38.75128,48.070816,59.945504,82.521664,69.891504,48.995328,92.90296,78.448112,68.973792,256.832208,203.221536,175.698448,54.28024,146.464128,106.545152,89.176304,80.496704,431.3488
235,615,10.03,12.36,14.04,16.0,9.35,11.68,11.35,13.61,14.4,34.55,42.58,53.02,80.74,68.84,47.91,93.43,78.67,69.1,201.1,161.29,139.94,49.39,118.2,106.74,89.56,80.77,432.0
236,616,9.811088,12.073072,13.718128,15.67848,9.133456,11.388608,11.301696,13.664592,14.409344,29.898064,36.498128,45.224784,78.958624,67.762608,46.829408,94.008352,78.919776,69.253184,155.167024,126.703184,110.92,43.583424,95.434304,107.053728,89.991616,81.225056,432.4928
237,617,9.59208,11.787088,13.397024,15.37168,8.918192,11.098128,11.253264,13.718464,14.419632,24.694928,29.699024,36.396624,77.181696,66.655712,45.753744,94.631504,79.195744,69.430304,119.142912,99.497952,88.689488,36.72208,78.1936,107.49184,90.476976,81.869376,432.8256
238,618,9.374352,11.503424,13.07776,15.06944,8.705088,10.810128,11.205792,13.771056,14.432,19.519392,22.93248,27.533184,75.413408,65.543536,44.68776,95.310976,79.495152,69.635984,92.66736,79.49224,72.883136,29.600496,66.146976,107.972752,90.939616,82.594016,433.0064
239,619,9.159904,11.224,12.761776,14.75544,8.495424,10.526928,11.16104,13.821728,14.448448,15.155056,17.214496,20.004464,73.6584,64.46408,43.638416,96.062528,79.812,69.875744,73.073008,64.802768,61.539744,23.315632,57.663152,108.350224,91.259536,83.208496,433.0592
240,620,8.95,10.95,12.45,14.42,8.29,10.25,11.12,13.87,14.47,12.09,13.18,14.67,71.92,63.44,42.61,96.89,80.14,70.15,58.63,54.19,53.37,18.57,51.66,108.53,91.36,83.59,433.0
241,621,8.74472,10.681616,12.142752,14.065408,8.088896,9.979392,11.082144,13.915488,14.495696,10.346288,10.856464,11.551712,70.20008,62.468336,41.602736,97.781504,80.475872,70.45408,50.95856,48.87512,49.464176,15.385744,49.01936,108.539552,91.253792,83.771344,432.8176
242,622,8.544592,10.419584,11.8408,13.69056,7.892528,9.715648,11.047152,13.957616,14.5248,10.080352,10.44064,10.893264,68.501168,61.555456,40.61864,98.728816,80.815792,70.785424,51.13552,49.72608,50.570816,13.940896,50.367616,108.388112,90.939056,83.761936,432.5024
243,623,8.348384,10.162112,11.542768,13.305072,7.69992,9.457504,11.01424,13.996864,14.556224,10.804816,11.326656,11.944896,66.820976,60.673856,39.652304,99.692048,81.146272,71.121888,56.89928,54.7976,55.014496,13.776128,54.245072,108.068112,90.43424,83.557088,432.0752
244,624,8.153936,9.90616,11.246256,12.924784,7.509392,9.20272,10.982208,14.034192,14.588448,11.67752,12.462512,13.394448,65.154784,59.777936,38.694528,100.61408,81.449312,71.431392,64.69624,61.03016,60.190496,14.052,58.391168,107.577792,89.777984,83.1632,431.568
245,625,7.96,9.65,10.95,12.56,7.32,8.95,10.95,14.07,14.62,12.15,13.16,14.38,63.5,58.84,37.74,101.45,81.71,71.69,72.01,66.3,64.3,14.21,61.27,106.92,89.0,82.59,431.0
246,626,7.766928,9.394112,10.65448,12.20904,7.132,8.699712,10.917616,14.104096,14.650704,12.339616,13.566,15.087696,61.858896,57.866656,36.790192,102.199824,81.92744,71.898288,79.02544,70.797088,67.494288,14.391872,63.02256,106.094192,88.096928,81.83512,430.368
247,627,7.574464,9.138112,10.359328,11.872352,6.94512,8.451584,10.88544,14.136944,14.681104,12.251376,13.690576,15.536576,60.233136,56.855616,35.844144,102.873168,82.105632,72.059648,85.83368,74.56512,69.792496,14.646368,63.636112,105.097872,87.06728,80.893408,429.6752
248,628,7.38424,8.884592,10.067456,11.548864,6.76096,8.207296,10.850784,14.166112,14.706704,11.879696,13.494912,15.637136,58.623776,55.826896,34.908736,103.398912,82.215264,72.147168,90.83272,76.613712,70.463184,14.793024,62.722624,103.970272,85.951472,79.821536,428.9024
249,629,7.198896,8.637712,9.783424,11.235456,6.58208,7.969568,10.809728,14.18784,14.720944,11.287216,13.009328,15.364576,57.032176,54.814416,33.995088,103.676256,82.214336,72.123808,91.99296,75.772304,68.680592,14.62248,59.934656,102.770272,84.805984,78.704144,428.0176
250,630,7.02,8.4,9.51,10.93,6.41,7.74,10.76,14.2,14.72,10.52,12.26,14.71,55.46,53.84,33.11,103.65,82.08,71.97,88.19,71.43,64.04,14.01,55.15,101.54,83.67,77.6,427.0
251,631,6.847248,8.17104,9.2468,10.633808,6.244432,7.518288,10.702256,14.203504,14.70488,9.524976,11.181968,13.594544,53.907984,52.89856,32.25248,103.330112,81.816752,71.689184,79.312544,63.467456,56.4352,12.922816,48.25896,100.281264,82.547312,76.509984,425.856
252,632,6.68096,7.951312,8.994416,10.347984,6.08568,7.304816,10.636624,14.198752,14.675664,8.251696,9.707072,11.927936,52.375936,51.989296,31.424016,102.701392,81.418224,71.274688,64.66304,51.369072,45.440064,11.283904,38.942784,98.999232,81.446352,75.441696,424.5904
253,633,6.519392,7.738544,8.750192,10.06968,5.932048,7.097584,10.565392,14.18784,14.636208,6.842416,8.022096,9.948048,50.870128,51.110992,30.618592,101.877072,80.932656,70.775872,47.108336,37.295088,32.899008,9.336592,28.614688,97.7128,80.368672,74.407728,423.1968
254,634,6.359664,7.528896,8.509648,9.794576,5.780736,6.893312,10.49224,14.174048,14.592752,5.520096,6.42504,8.04136,49.3996,50.259168,29.825968,101.037072,80.436528,70.270576,31.270912,24.693504,21.734832,7.48496,19.486272,96.442128,79.308032,73.41576,421.6672
255,635,6.2,7.32,8.27,9.52,5.63,6.69,10.42,14.16,14.55,4.43,5.11,6.46,47.97,49.43,29.04,100.3,79.98,69.81,20.07,15.74,13.79,5.99,12.95,95.2,78.26,72.47,420.0
256,636,6.040816,7.112432,8.031904,9.246224,5.480208,6.48808,10.348624,14.145648,14.507904,3.55728,4.053488,5.169088,46.5812,48.626064,28.262224,99.671888,79.56536,69.396768,13.060944,10.126,8.816288,4.808576,8.836768,93.991776,77.230944,71.577776,418.1952
257,637,5.882032,6.906064,7.795232,8.97272,5.331248,6.287344,10.277872,14.13048,14.466368,2.917056,3.272576,4.186288,45.234688,47.851632,27.491872,99.199792,79.212496,69.051072,10.585856,8.130768,7.065248,3.958032,7.356928,92.82576,76.226512,70.747808,416.2448
258,638,5.724608,6.702176,7.56128,8.701616,5.183968,6.089248,10.21144,14.118992,14.430432,2.478672,2.732544,3.479088,43.925696,47.09232,26.73432,98.818576,78.891792,68.743856,11.285488,8.676736,7.578928,3.388608,7.731808,91.682384,75.23224,69.95584,414.1904
259,639,5.570224,6.503008,7.332368,8.436592,5.039888,5.896272,10.154448,14.117584,14.406896,2.171888,2.350032,2.959568,42.645904,46.326048,25.998528,98.40192,78.546768,68.4192,12.65152,9.789824,8.612768,2.986464,8.554448,90.527888,74.225168,69.162112,412.096
260,640,5.42,6.31,7.11,8.18,4.9,5.71,10.11,14.13,14.4,1.95,2.07,2.57,41.39,45.54,25.29,97.89,78.15,68.05,13.1,10.22,9.06,2.68,8.93,89.34,73.19,68.34,410.0
261,641,5.27368,6.122768,6.893744,7.931264,4.764032,5.530064,10.07816,14.155648,14.410336,1.829072,1.913664,2.337296,40.159104,44.734848,24.607328,97.308128,77.71272,67.647456,13.061168,10.292656,9.199072,2.49576,9.072624,88.12384,72.129152,67.493008,407.8992
262,642,5.131168,5.941216,6.68344,7.690336,4.631888,5.356448,10.06008,14.195072,14.440032,1.812192,1.886144,2.270288,38.952896,43.9044,23.95064,96.613536,77.217712,67.194256,12.491328,9.963936,8.984368,2.430848,8.937008,86.881104,71.04336,66.6204,405.8064
263,643,4.992816,5.765344,6.479296,7.456928,4.503744,5.188912,10.05176,14.243616,14.483728,1.881312,1.965904,2.3412,37.772688,43.071312,23.316992,96.043184,76.763024,66.788096,11.798288,9.546496,8.689504,2.500256,8.742432,85.607088,69.929568,65.718352,403.6736
264,644,4.859024,5.594992,6.281472,7.23032,4.37976,5.026896,10.04648,14.29368,14.532224,2.013952,2.125424,2.512032,36.6212,42.272624,22.701264,95.965392,76.501296,66.581056,11.793328,9.670736,8.87056,2.734464,8.938816,84.297312,68.785216,64.785104,401.4208
265,645,4.73,5.43,6.09,7.01,4.26,4.87,10.04,14.34,14.58,2.19,2.34,2.75,35.5,41.53,22.1,96.59,76.52,66.66,12.92,10.68,9.83,3.14,9.77,82.95,67.61,63.82,399.0
266,646,4.605776,5.270432,5.904944,6.796192,4.144464,4.71832,10.03248,14.38248,14.62712,2.401808,2.601136,3.04688,34.40808,40.839504,21.513696,97.879248,76.803344,67.009152,14.944192,12.384224,11.396304,3.701952,11.092672,81.564768,66.40392,62.820992,396.4208
267,647,4.486496,5.116384,5.726496,6.589088,4.033184,4.571872,10.02224,14.419856,14.670208,2.646032,2.905984,3.40048,33.344928,40.207312,20.942192,99.895584,77.375984,67.653616,17.879568,14.785696,13.567264,4.431296,12.900432,80.139648,65.165168,61.785792,393.6736
268,648,4.371456,4.967216,5.553728,6.387984,3.925744,4.430304,10.01296,14.451712,14.718096,2.887536,3.208672,3.75416,32.309856,39.60392,20.384768,102.29296,78.100464,68.45336,21.070864,17.379888,15.902304,5.20784,14.838032,78.687888,63.908176,60.723392,390.8064
269,649,4.259536,4.821968,5.3852,6.19184,3.821504,4.293136,10.01112,14.478528,14.785504,3.0788,3.4464,4.03016,31.301824,38.981088,19.840864,104.513216,78.754544,69.182304,23.498,19.38408,17.719104,5.850864,16.356912,77.230048,62.654944,59.648112,387.8992
270,650,4.15,4.68,5.22,6.0,3.72,4.16,10.02,14.5,14.88,3.19,3.58,4.18,30.32,38.31,19.31,106.21,79.2,69.7,24.54,20.32,18.6,6.25,17.12,75.78,61.42,58.57,385.0
271,651,4.04288,4.541296,5.05816,5.8124,3.621248,4.0308,10.036544,14.513632,14.995216,3.219616,3.608144,4.20216,29.36432,37.596528,18.791728,107.39312,79.44056,70.00968,24.291072,20.258496,18.60576,6.411328,17.175632,74.337872,60.203168,57.489312,382.104
272,652,3.938016,4.405696,4.899408,5.628704,3.525264,3.905424,10.05856,14.516752,15.126496,3.158336,3.518672,4.0816,28.434816,36.83544,18.285728,107.91984,79.419344,70.05224,22.643904,19.120368,17.667904,6.30032,16.471792,72.906848,59.007616,56.408032,379.2304
273,653,3.835632,4.273376,4.744416,5.449648,3.43168,3.783648,10.081936,14.508912,15.264656,3.033696,3.34936,3.86512,27.530272,36.056192,17.791808,108.15488,79.278928,69.976,20.143296,17.30584,16.129088,6.036432,15.269872,71.485104,57.829104,55.328432,376.3168
274,654,3.736208,4.144736,4.594384,5.276512,3.340016,3.665232,10.100832,14.490352,15.396496,2.893776,3.165648,3.63376,26.649008,35.307664,17.309888,108.7252,79.265072,70.03616,17.712128,15.496352,14.574192,5.821984,14.018752,70.06704,56.658352,54.251872,373.2592
275,655,3.64,4.02,4.45,5.11,3.25,3.55,10.11,14.46,15.51,2.77,3.01,3.44,25.79,34.62,16.84,109.97,79.51,70.37,15.94,14.13,13.38,5.78,13.01,68.65,55.49,53.18,370.0
276,656,3.546816,3.899008,4.310992,4.94984,3.161568,3.437856,10.108864,14.416912,15.60384,2.655584,2.87328,3.272304,24.952944,33.987216,16.38192,111.786096,79.972704,70.935264,14.700416,13.112304,12.465792,5.880976,12.18104,67.236512,54.326736,52.114544,366.5536
277,657,3.456592,3.781696,4.177376,4.796128,3.07448,3.328688,10.098736,14.362672,15.681136,2.550176,2.75552,3.13048,24.136912,33.412992,15.935168,114.28792,80.699008,71.77992,14.004416,12.44568,11.833728,6.137472,11.528912,65.826224,53.168544,51.055872,362.9008
278,658,3.369008,3.667904,4.0484,4.647696,2.989472,3.22256,10.066688,14.285552,15.711152,2.455248,2.65536,3.012336,23.344,32.877648,15.501216,116.755264,81.399552,72.602576,13.736576,12.076416,11.444144,6.459728,11.049984,64.426656,52.020192,50.00856,359.152
279,659,3.283584,3.557392,3.922864,4.502704,2.907744,3.119632,9.99408,14.168032,15.649488,2.36896,2.5652,2.907792,22.577728,32.347024,15.082384,118.049408,81.617456,72.927312,13.644736,11.866272,11.18784,6.695424,10.701136,63.049168,50.88928,48.978848,355.4832
280,660,3.2,3.45,3.8,4.36,2.83,3.02,9.87,14.0,15.47,2.29,2.48,2.81,21.84,31.8,14.68,117.49,81.08,72.47,13.56,11.72,10.99,6.75,10.45,61.7,49.78,47.97,352.0
281,661,3.118256,3.34568,3.679856,4.21968,2.756048,2.923536,9.6968,13.78448,15.178032,2.222304,2.40528,2.725664,21.12992,31.241184,14.293472,115.21928,79.844224,71.289936,13.557264,11.690112,10.895648,6.64792,10.328416,60.379328,48.692,46.982608,348.6848
282,662,3.038288,3.244304,3.56224,4.081456,2.685952,2.83008,9.473968,13.521792,14.772112,2.170448,2.34656,2.661696,20.44744,30.667888,13.922496,111.149824,77.874912,69.350256,13.691216,11.823856,10.944944,6.388288,10.372144,59.092016,47.627872,46.02016,345.56
283,663,2.96016,3.146048,3.447584,3.946192,2.618976,2.739824,9.213296,13.222704,14.279472,2.125152,2.29304,2.603328,19.78952,30.093072,13.566,105.935968,75.43704,66.926896,13.825168,11.99368,11.03456,6.010416,10.480992,57.821024,46.577504,45.070512,342.5152
284,664,2.884032,3.051232,3.336688,3.815408,2.55392,2.653088,8.933984,12.904496,13.744672,2.071296,2.22752,2.52728,19.15144,29.539376,13.222304,100.663472,72.969888,64.477376,13.76064,12.007504,11.007776,5.585104,10.4988,56.538912,45.524656,44.114224,339.3664
285,665,2.81,2.96,3.23,3.69,2.49,2.57,8.65,12.58,13.2,2.0,2.14,2.42,18.53,29.02,12.89,96.04,70.76,62.3,13.38,11.75,10.77,5.16,10.33,55.23,44.46,43.14,336.0
286,666,2.737984,2.87224,3.127328,3.56968,2.427312,2.490464,8.361008,12.24936,12.644336,1.913632,2.03296,2.284608,17.9252,28.531184,12.569008,91.959792,68.765072,60.350304,12.694592,11.23696,10.335216,4.72768,9.991296,53.898208,43.385968,42.150528,332.4384
287,667,2.66792,2.787968,3.028704,3.454512,2.365776,2.414544,8.067536,11.913184,12.078672,1.811312,1.90504,2.119008,17.3364,28.075152,12.25952,88.475088,67.0064,58.650016,11.673568,10.44576,9.68736,4.291216,9.471792,52.540464,42.301104,41.143952,328.6672
288,668,2.599856,2.706656,2.93352,3.343664,2.30552,2.341504,7.779904,11.582528,11.526368,1.702352,1.76832,1.939888,16.76376,27.6364,11.958832,85.493824,65.448208,57.161488,10.468624,9.49776,8.917504,3.858992,8.842528,51.17944,41.21792,40.134416,324.76
289,669,2.533872,2.627504,2.840816,3.235776,2.246864,2.270224,7.511232,11.271712,11.017104,1.601952,1.6424,1.774368,16.20816,27.189728,11.663104,82.76888,63.992576,55.78232,9.33016,8.59536,8.178368,3.436368,8.225024,49.851616,40.156576,39.14488,320.8448
290,670,2.47,2.55,2.75,3.13,2.19,2.2,7.27,10.99,10.57,1.52,1.54,1.64,15.67,26.72,11.37,80.15,62.58,54.45,8.42,7.87,7.57,3.03,7.7,48.58,39.13,38.19,317.0
291,671,2.408208,2.47416,2.66112,3.026464,2.134784,2.130864,7.057728,10.73872,10.188208,1.455072,1.459536,1.534656,15.148496,26.230416,11.07952,77.73576,61.250656,53.206176,7.713168,7.298832,7.074624,2.646256,7.25112,47.360768,38.136064,37.267248,313.2128
292,672,2.348496,2.399856,2.574,2.925024,2.08112,2.062624,6.877904,10.521248,9.879168,1.407872,1.4024,1.460528,14.64312,25.7188,10.790832,75.571264,60.023728,52.071088,7.222624,6.88712,6.693824,2.286032,6.874528,46.196,37.17544,36.377456,309.504
293,673,2.290704,2.327392,2.4892,2.826224,2.029056,1.995824,6.72312,10.330336,9.626288,1.376912,1.365664,1.4128,14.153504,25.199104,10.506784,73.643248,58.89184,51.03464,6.9144,6.621008,6.427904,1.969808,6.587776,45.075632,36.244976,35.516464,305.8032
294,674,2.234592,2.257328,2.40768,2.731024,1.978672,1.931424,6.580016,10.152784,9.399728,1.358432,1.342848,1.381312,13.679248,24.694608,10.232176,71.932912,57.843952,50.081792,6.712576,6.460736,6.263344,1.725984,6.407104,43.981024,35.338032,34.675872,301.9904
295,675,2.18,2.19,2.33,2.64,1.93,1.87,6.44,9.98,9.18,1.35,1.33,1.36,13.22,24.22,9.97,70.42,56.87,49.2,6.57,6.38,6.19,1.57,6.34,42.9,34.45,33.85,298.0
296,676,2.12712,2.125424,2.256112,2.55304,1.8832,1.811536,6.305024,9.81392,8.971376,1.352016,1.328,1.350512,12.776576,23.772752,9.720688,69.094688,55.967632,48.386832,6.505584,6.391472,6.214864,1.500608,6.388896,41.837584,33.584048,33.04232,293.8528
297,677,2.076304,2.063872,2.18632,2.470304,1.838656,1.756384,6.17472,9.654336,8.773568,1.363392,1.335264,1.35088,12.350864,23.354624,9.486624,67.952688,55.13664,47.64104,6.51944,6.499568,6.341424,1.524928,6.560096,40.797952,32.744496,32.257104,289.5312
298,678,2.027008,2.00472,2.119648,2.391168,1.795632,1.703632,6.050336,9.501392,8.58624,1.385488,1.355808,1.367808,11.939392,22.958896,9.26312,66.938608,54.355248,46.943648,6.623696,6.689024,6.549024,1.605648,6.814816,39.77416,31.922224,31.485888,285.1616
299,679,1.978352,1.946928,2.054496,2.314592,1.752928,1.65176,5.934912,9.356448,8.411472,1.420864,1.396432,1.412416,11.53656,22.573168,9.042176,65.975088,53.592896,46.268896,6.841232,6.93848,6.806624,1.683248,7.092176,38.756288,31.103072,30.715632,280.944
300,680,1.93,1.89,1.99,2.24,1.71,1.6,5.83,9.22,8.25,1.47,1.46,1.49,11.14,22.19,8.82,65.01,52.83,45.6,7.18,7.23,7.09,1.72,7.35,37.74,30.28,29.94,277.0
301,681,1.881744,1.833792,1.92608,2.167264,1.666704,1.548272,5.733856,9.090352,8.098528,1.530528,1.543184,1.596096,10.74824,21.809888,8.595568,64.03528,52.062464,44.932096,7.622672,7.553888,7.392768,1.71928,7.587296,36.723296,29.451936,29.157952,273.3072
302,682,1.832448,1.77736,1.861808,2.095648,1.621952,1.495552,5.645376,8.966112,7.95424,1.601168,1.644528,1.728768,10.354272,21.428496,8.3616,63.030288,51.277968,44.253328,8.157456,7.897264,7.705744,1.672768,7.795296,35.69624,28.609184,28.360208,269.8816
303,683,1.785712,1.723568,1.800016,2.027072,1.57928,1.445152,5.563136,8.846672,7.817392,1.674528,1.753792,1.87536,9.978864,21.057104,8.140272,62.018736,50.500032,43.58392,8.74776,8.24944,8.01272,1.602976,7.969456,34.691264,27.784112,27.578304,266.624
304,684,1.747216,1.676976,1.745264,1.964656,1.544288,1.402352,5.485216,8.731552,7.689264,1.740048,1.855936,2.017072,9.654976,20.714512,7.966864,61.049664,49.769936,42.959792,9.342224,8.601136,8.296016,1.550784,8.111616,33.759728,27.02824,26.86232,263.3664
305,685,1.72,1.64,1.7,1.91,1.52,1.37,5.41,8.62,7.57,1.79,1.94,2.14,9.4,20.41,7.86,60.15,49.11,42.4,9.9,8.94,8.54,1.54,8.22,32.93,26.37,26.24,260.0
306,686,1.703408,1.612064,1.663632,1.862656,1.50576,1.347456,5.337104,8.51136,7.458336,1.825552,2.007504,2.24592,9.210176,20.1408,7.815792,59.3044,48.511728,41.896608,10.411808,9.255216,8.736032,1.561712,8.2852,32.196288,25.803712,25.705376,256.5424
307,687,1.698752,1.594208,1.637136,1.823392,1.5028,1.335872,5.266416,8.405552,7.354192,1.849568,2.061792,2.33904,9.093904,19.912544,7.843552,58.512176,47.979872,41.45376,10.8696,9.54288,8.87824,1.616816,8.302176,31.568944,25.340272,25.267824,252.984
308,688,1.698656,1.580352,1.6148,1.787568,1.50416,1.328688,5.195408,8.299424,7.252528,1.851824,2.0896,2.40104,9.005312,19.693088,7.893792,57.737472,47.471376,41.031232,11.231232,9.762224,8.946528,1.68232,8.258352,30.99056,24.921232,24.873152,249.3456
309,689,1.69144,1.560896,1.587584,1.747904,1.4988,1.315504,5.12064,8.188496,7.145984,1.8176,2.072048,2.40576,8.87192,19.432192,7.888272,56.924688,46.91856,40.566144,11.443184,9.856608,8.915776,1.721104,8.137568,30.369536,24.453312,24.43488,245.6752
310,690,1.67,1.53,1.55,1.7,1.48,1.29,5.04,8.07,7.03,1.74,2.0,2.34,8.65,19.1,7.78,56.04,46.28,40.02,11.47,9.79,8.77,1.71,7.93,29.65,23.88,23.9,242.0
311,691,1.635552,1.488672,1.502992,1.644592,1.448944,1.253264,4.953552,7.944208,6.905008,1.623984,1.879424,2.2112,8.34704,18.702016,7.5772,55.089616,45.563072,39.399616,11.349088,9.594864,8.536016,1.660048,7.65848,28.842784,23.211808,23.278992,238.3136
312,692,1.586976,1.436032,1.44568,1.580928,1.40464,1.204288,4.860848,7.810784,6.770288,1.471584,1.71296,2.02248,7.955312,18.232928,7.271312,54.069952,44.762896,38.700672,11.155392,9.328384,8.266448,1.5828,7.366592,27.94152,22.440352,22.566912,234.6336
313,693,1.53032,1.376992,1.382848,1.513104,1.352656,1.148512,4.763904,7.67176,6.629248,1.302064,1.523056,1.80144,7.516384,17.72528,6.909184,53.007568,43.91024,37.951488,10.778576,8.916464,7.88872,1.469872,6.996464,26.988496,21.614576,21.800032,230.9056
314,694,1.475824,1.319872,1.322576,1.448,1.302432,1.095136,4.66616,7.530656,6.487808,1.144304,1.343472,1.58992,7.099936,17.232832,6.568976,51.947504,43.057744,37.200544,10.04032,8.239024,7.283392,1.308784,6.451856,26.055712,20.81696,21.040672,227.0416
315,695,1.43,1.27,1.27,1.39,1.26,1.05,4.57,7.39,6.35,1.02,1.2,1.42,6.75,16.79,6.3,50.92,42.24,36.48,8.88,7.26,6.41,1.1,5.7,25.19,20.1,20.33,223.0
316,696,1.391456,1.226256,1.224016,1.338176,1.22408,1.011856,4.475104,7.249456,6.215056,0.927184,1.09032,1.288784,6.457808,16.390752,6.092864,49.919408,41.4504,35.783488,7.34088,6.012304,5.29952,0.848112,4.766816,24.382144,19.453216,19.660192,218.7888
317,697,1.3604,1.188752,1.184768,1.292624,1.194816,0.980912,4.381424,7.1088,6.082688,0.860384,1.007136,1.1872,6.226304,16.03728,5.951664,48.944128,40.68904,35.109888,5.347296,4.441824,3.90336,0.541392,3.614704,23.632736,18.879376,19.031072,214.3696
318,698,1.335184,1.156528,1.15096,1.252352,1.170992,0.955568,4.290144,6.970224,5.95472,0.849024,0.989632,1.164896,6.03952,15.720608,5.856544,48.003328,39.95792,34.465248,3.455952,2.965664,2.5916,0.266032,2.537872,22.939888,18.363776,18.447232,209.9264
319,699,1.312448,1.127424,1.119952,1.21528,1.149968,0.932624,4.202704,6.836688,5.833392,0.934864,1.093888,1.292992,5.867136,15.422176,5.770384,47.106928,39.25536,33.854528,2.517408,2.219024,1.92904,0.152432,1.98504,22.2944,17.876896,17.910032,205.7472
320,700,1.29,1.1,1.09,1.18,1.13,0.91,4.12,6.71,5.72,1.14,1.35,1.61,5.69,15.13,5.67,46.26,38.58,33.28,3.05,2.59,2.26,0.28,2.23,21.69,17.4,17.42,202.0
321,701,1.268608,1.074816,1.061696,1.146976,1.111744,0.8884,4.042048,6.59008,5.614576,1.45528,1.746128,2.101136,5.513824,14.848352,5.562112,45.463888,37.934528,32.743696,4.90144,3.963632,3.48184,0.62344,3.190128,21.129712,16.939056,16.979008,198.6624
322,702,1.248544,1.052128,1.03528,1.116432,1.095472,0.868048,3.968944,6.477264,5.51752,1.878704,2.279952,2.763216,5.33856,14.578368,5.445904,44.722928,37.32088,32.249328,8.000112,6.280144,5.5432,1.166992,4.821712,20.613568,16.494016,16.587392,195.7904
323,703,1.2292,1.03112,1.010064,1.087488,1.0804,0.848496,3.9,6.369808,5.426624,2.369728,2.900016,3.534096,5.168096,14.318144,5.329536,44.017568,36.732272,31.78184,12.131584,9.395936,8.30816,1.883984,7.022896,20.137264,16.067456,16.239536,193.1344
324,704,1.209856,1.010672,0.985168,1.058944,1.065488,0.829264,3.834016,6.264752,5.338288,2.865712,3.52648,4.317136,5.010512,14.06592,5.228128,43.316688,36.157984,31.317312,16.925136,13.060048,11.54112,2.728016,9.61632,19.69488,15.665376,15.92656,190.2864
325,705,1.19,0.99,0.96,1.03,1.05,0.81,3.77,6.16,5.25,3.32,4.1,5.04,4.87,13.82,5.15,42.6,35.59,30.84,22.04,17.03,15.02,3.65,12.43,19.28,15.29,15.64,187.0
326,706,1.16952,0.969056,0.934464,1.000608,1.033872,0.79056,3.708016,6.05584,5.161984,3.73536,4.624448,5.7072,4.743984,13.579232,5.09176,41.870144,35.028912,30.35192,27.507104,21.323488,18.762416,4.652464,15.47584,18.891536,14.938832,15.379408,183.3232
327,707,1.14832,0.94776,0.908384,0.970608,1.01704,0.770816,3.64832,5.952448,5.074224,4.118288,5.108256,6.329536,4.632816,13.343104,5.054816,41.125808,34.475952,29.8524,33.505584,26.079376,22.88984,5.769104,18.852576,18.532384,14.613296,15.147936,179.2144
328,708,1.12632,0.925904,0.881984,0.940208,0.999248,0.750752,3.588864,5.848256,4.985504,4.415456,5.484064,6.820512,4.527968,13.108576,5.025312,40.369792,33.921472,29.34192,38.982784,30.464544,26.678064,6.800304,21.965872,18.178512,14.29848,14.919984,174.8976
329,709,1.10352,0.903328,0.855744,0.909888,0.980256,0.730448,3.526688,5.741184,4.894384,4.553104,5.658672,7.059888,4.41632,12.871648,4.981408,39.609456,33.352032,28.8236,42.381504,33.243632,29.054608,7.448784,23.934448,17.79464,13.971824,14.658112,170.7488
330,710,1.08,0.88,0.83,0.88,0.96,0.71,3.46,5.63,4.8,4.49,5.58,6.98,4.29,12.63,4.91,38.85,32.76,28.3,42.79,33.69,29.39,7.54,24.24,17.36,13.62,14.34,167.0
331,711,1.055712,0.85584,0.804624,0.850384,0.938432,0.689344,3.389024,5.514832,4.70232,4.231376,5.254656,6.589456,4.150096,12.383264,4.813232,38.089248,32.146032,27.7696,40.336704,31.90664,27.772976,7.0996,22.955872,16.876576,13.244576,13.96768,163.6064
332,712,1.03048,0.830624,0.779504,0.820848,0.915328,0.668352,3.313504,5.395536,4.601184,3.765376,4.667584,5.869552,3.994848,12.129856,4.688432,37.325712,31.507552,27.23064,34.810224,27.733024,24.060944,6.088944,19.967152,16.338192,12.84176,13.535184,160.6016
333,713,1.005248,0.805328,0.755024,0.792032,0.891824,0.6476,3.235104,5.27352,4.497648,3.170096,3.917712,4.942848,3.8328,11.874848,4.549232,36.565696,30.858432,26.69072,27.431024,22.099088,19.077392,4.733808,15.938352,15.773808,12.429184,13.070208,157.8288
334,714,0.981456,0.781472,0.731744,0.764896,0.86968,0.627968,3.156624,5.151104,4.393472,2.570656,3.16352,4.006144,3.678192,11.62656,4.418352,35.8184,30.221072,26.16136,20.195584,16.530432,14.17144,3.404112,11.959552,15.231024,12.035888,12.618672,155.016
335,715,0.96,0.76,0.71,0.74,0.85,0.61,3.08,5.03,4.29,2.05,2.51,3.19,3.54,11.39,4.31,35.09,29.61,25.65,14.4,12.02,10.22,2.34,8.74,14.74,11.68,12.21,152.0
336,716,0.940816,0.7408,0.689792,0.717328,0.832672,0.593648,3.004992,4.91016,4.1872,1.59944,1.94608,2.48056,3.416416,11.16528,4.22136,34.380032,29.02288,25.15616,9.850352,8.418016,7.09128,1.505072,6.172624,14.295472,11.357888,11.838928,148.8224
337,717,0.924128,0.724048,0.671264,0.697152,0.817904,0.57904,2.931584,4.7916,4.085008,1.225696,1.480272,1.888128,3.308,10.955488,4.153712,33.688496,28.460192,24.68104,6.634384,5.785968,4.842192,0.915088,4.301712,13.900048,11.070944,11.507168,145.4608
338,718,0.9092,0.709056,0.653936,0.678496,0.804976,0.565712,2.860656,4.67584,3.985056,0.926512,1.109184,1.410496,3.211344,10.752576,4.100144,33.01624,27.920144,24.22176,4.544256,3.99504,3.345104,0.532464,3.0328,13.542224,10.81032,11.207568,142.0592
339,719,0.894752,0.694624,0.637008,0.65976,0.792608,0.552864,2.793248,4.56488,3.889584,0.685008,0.810656,1.023184,3.120048,10.543104,4.048176,32.363584,27.397936,23.77264,3.069888,2.701232,2.274896,0.26424,2.116448,13.20016,10.560096,10.925088,138.8576
340,720,0.88,0.68,0.62,0.64,0.78,0.54,2.73,4.46,3.8,0.49,0.57,0.71,3.03,10.32,3.99,31.73,26.89,23.33,1.88,1.68,1.42,0.05,1.39,12.86,10.31,10.65,136.0
341,721,0.865152,0.665392,0.603024,0.619424,0.767392,0.527264,2.671056,4.361328,3.716352,0.352064,0.400592,0.487456,2.942304,10.083648,3.927792,31.116096,26.39792,22.894896,1.143312,1.057552,0.893264,-0.079152,0.94376,12.526176,10.062656,10.386336,133.4528
342,722,0.85016,0.650816,0.586016,0.597856,0.754816,0.514672,2.616736,4.26928,3.639056,0.279152,0.312384,0.368096,2.856944,9.827776,3.861424,30.524,25.923344,22.46736,0.951296,0.90928,0.758704,-0.106096,0.83088,12.199424,9.81832,10.136048,131.2352
343,723,0.835488,0.63648,0.569408,0.576368,0.74248,0.5024,2.566096,4.182832,3.56688,0.25336,0.282816,0.324016,2.774224,9.575264,3.793456,29.944304,25.459728,22.047264,1.12272,1.076688,0.886064,-0.06504,0.94064,11.880912,9.577184,9.89584,129.2176
344,724,0.821936,0.622784,0.55392,0.55672,0.730784,0.490768,2.517536,4.100144,3.497664,0.246608,0.276608,0.311216,2.695104,9.362592,3.728688,29.362528,24.997312,21.634848,1.397584,1.325856,1.085744,-0.005264,1.11016,11.57384,9.340768,9.661392,127.184
345,725,0.81,0.61,0.54,0.54,0.72,0.48,2.47,4.02,3.43,0.24,0.27,0.3,2.62,9.21,3.67,28.77,24.53,21.23,1.6,1.5,1.23,0.04,1.23,11.28,9.11,9.43,125.0
346,726,0.79952,0.598,0.52752,0.525936,0.71,0.469984,2.423648,3.942608,3.36416,0.234304,0.263904,0.29176,2.5484,9.113536,3.61624,28.16872,24.058832,20.8332,1.718608,1.595952,1.313424,0.068704,1.29736,10.997456,8.883632,9.200992,122.6912
347,727,0.790448,0.58664,0.516448,0.514528,0.70064,0.46056,2.378416,3.867872,3.30008,0.22672,0.254816,0.282496,2.480304,9.080864,3.567216,27.558304,23.583728,20.446384,1.71112,1.581088,1.307504,0.07264,1.28936,10.724672,8.660544,8.97256,120.2416
348,728,0.782656,0.57624,0.506656,0.50528,0.69224,0.452096,2.334304,3.795776,3.23784,0.217696,0.243168,0.271552,2.414208,9.071552,3.521392,26.945968,23.107424,20.064688,1.608192,1.483664,1.234064,0.058656,1.224,10.462048,8.442336,8.748768,117.728
349,729,0.775904,0.56728,0.497904,0.497312,0.68528,0.445152,2.291472,3.72648,3.17776,0.211392,0.234,0.263328,2.347872,9.02096,3.476208,26.343712,22.63488,19.680432,1.494064,1.37816,1.152784,0.044272,1.1508,10.210464,8.231648,8.536576,115.2864
350,730,0.77,0.56,0.49,0.49,0.68,0.44,2.25,3.66,3.12,0.21,0.23,0.26,2.28,8.89,3.43,25.76,22.17,19.29,1.42,1.31,1.1,0.04,1.1,9.97,8.03,8.34,113.0
351,731,0.764896,0.554304,0.482928,0.483408,0.676288,0.436544,2.209696,3.59608,3.064288,0.209936,0.22672,0.256144,2.21072,8.686016,3.383088,25.19184,21.710624,18.892656,1.3492,1.24816,1.049792,0.038608,1.049984,9.740416,7.837072,8.157776,110.8448
352,732,0.760496,0.55024,0.476656,0.47752,0.67416,0.434896,2.170384,3.534576,3.0104,0.208656,0.220928,0.247472,2.139568,8.403072,3.335472,24.634768,21.252464,18.482288,1.260672,1.175504,0.987424,0.036336,0.98824,9.522688,7.653296,7.990368,108.824
353,733,0.756656,0.547136,0.470944,0.471952,0.672992,0.434128,2.132192,3.475072,2.958352,0.207056,0.214256,0.23688,2.068656,8.075808,3.287216,24.100416,20.807344,18.07928,1.168144,1.102128,0.922496,0.033664,0.923936,9.31152,7.4764,7.83296,106.8912
354,734,0.753216,0.543952,0.465472,0.466224,0.671824,0.4328,2.09536,3.417008,2.908224,0.207136,0.209984,0.229968,2.001424,7.762464,3.23864,23.606064,20.393424,17.715952,1.093296,1.043632,0.870128,0.031392,0.871472,9.098832,7.302704,7.677792,104.9664
355,735,0.75,0.54,0.46,0.46,0.67,0.43,2.06,3.36,2.86,0.21,0.21,0.23,1.94,7.5,3.19,23.16,20.02,17.41,1.05,1.01,0.84,0.03,0.84,8.88,7.13,7.52,103.0
356,736,0.747024,0.535392,0.454544,0.45328,0.667632,0.425888,2.026032,3.304,2.8136,0.214848,0.213264,0.235376,1.884,7.280672,3.141232,22.763008,19.687648,17.160096,1.033648,0.997952,0.828928,0.029392,0.826816,8.655472,6.95864,7.360304,101.0032
357,737,0.744496,0.530176,0.449184,0.446112,0.664832,0.420448,1.993472,3.248912,2.769072,0.221376,0.219456,0.24568,1.833696,7.105888,3.092336,22.425936,19.406464,16.97776,1.040064,1.004288,0.834016,0.029664,0.829936,8.42328,6.78808,7.198,98.9712
358,738,0.741568,0.52424,0.443584,0.438304,0.661232,0.413968,1.961952,3.194784,2.725824,0.228624,0.227248,0.258704,1.787712,6.965184,3.04376,22.108064,19.14048,16.818144,1.0728,1.031744,0.857744,0.030336,0.850016,8.191808,6.62072,7.035856,96.9312
359,739,0.73696,0.517504,0.437264,0.429616,0.656352,0.407008,1.930912,3.141776,2.682976,0.235152,0.23456,0.270928,1.743648,6.83776,2.996144,21.744992,18.832416,16.609328,1.136336,1.08384,0.903232,0.030608,0.887296,7.974656,6.46056,6.878832,94.9312
360,740,0.73,0.51,0.43,0.42,0.65,0.4,1.9,3.09,2.64,0.24,0.24,0.28,1.7,6.71,2.95,21.3,18.45,16.31,1.23,1.16,0.97,0.03,0.94,7.78,6.31,6.73,93.0
361,741,0.72072,0.501632,0.42176,0.409408,0.642128,0.392784,1.869296,3.039424,2.596976,0.2432,0.243824,0.28624,1.65696,6.58664,2.9052,20.776592,17.996688,15.92504,1.35384,1.26024,1.057472,0.028608,1.008368,7.605936,6.168272,6.588352,91.128
362,742,0.708608,0.49208,0.412224,0.397504,0.632352,0.385088,1.838832,2.990064,2.553824,0.244624,0.246208,0.289664,1.614112,6.469744,2.86136,20.156864,17.45608,15.436304,1.51592,1.391024,1.170064,0.026336,1.096576,7.453248,6.03528,6.453696,89.3152
363,743,0.695776,0.482528,0.402608,0.38568,0.622256,0.377872,1.808688,2.941984,2.511072,0.244368,0.246672,0.289888,1.572544,6.354768,2.81976,19.511136,16.894352,14.916768,1.6752,1.519568,1.280896,0.023664,1.182784,7.31504,5.909488,6.32512,87.5424
364,744,0.685584,0.474816,0.394832,0.376096,0.61432,0.372576,1.779024,2.895264,2.4696,0.242752,0.244656,0.286672,1.534176,6.236032,2.78232,18.953408,16.418304,14.484992,1.76888,1.595712,1.349088,0.021392,1.233792,7.179792,5.788336,6.200944,85.7776
365,745,0.68,0.47,0.39,0.37,0.61,0.37,1.75,2.85,2.43,0.24,0.24,0.28,1.5,6.11,2.75,18.55,16.09,14.21,1.76,1.59,1.35,0.02,1.23,7.04,5.67,6.08,84.0
366,746,0.678784,0.468,0.388,0.367264,0.609136,0.370128,1.721552,2.80616,2.392128,0.236128,0.232768,0.269856,1.475856,5.983088,2.7304,18.287888,15.897504,14.078336,1.66024,1.513744,1.294304,0.019392,1.18096,6.905392,5.562656,5.9704,82.2144
367,747,0.682656,0.469328,0.389328,0.3684,0.612256,0.373472,1.693488,2.763584,2.355872,0.231328,0.222672,0.256128,1.474544,5.867728,2.73968,18.184336,15.857312,14.108208,1.4728,1.373328,1.191696,0.019664,1.095424,6.79256,5.482368,5.888,80.4224
368,748,0.688688,0.472016,0.392016,0.371296,0.617216,0.378096,1.666544,2.722848,2.321536,0.225488,0.211856,0.24024,1.474832,5.747328,2.7512,18.147984,15.88264,14.20472,1.22696,1.186912,1.045328,0.020336,0.977888,6.676768,5.40384,5.8084,78.6224
369,749,0.69208,0.472864,0.392864,0.372512,0.620496,0.38088,1.64184,2.684832,2.28952,0.218368,0.2036,0.224352,1.4416,5.594448,2.72088,18.030032,15.832208,14.213232,0.97032,0.983696,0.86064,0.020608,0.835312,6.517776,5.285392,5.6912,76.8144
370,750,0.69,0.47,0.39,0.37,0.62,0.38,1.62,2.65,2.26,0.21,0.2,0.21,1.36,5.4,2.63,17.74,15.62,14.04,0.74,0.79,0.65,0.02,0.68,6.3,5.11,5.52,75.0
371,751,0.683024,0.463792,0.383792,0.36416,0.61616,0.375792,1.600816,2.618064,2.2328,0.200496,0.200608,0.197056,1.224272,5.156128,2.471344,17.299872,15.266352,13.707232,0.521888,0.592272,0.402816,0.018608,0.501024,6.01448,4.869728,5.28672,73.1792
372,752,0.670528,0.453776,0.373776,0.354576,0.608576,0.367776,1.584304,2.588848,2.207776,0.189568,0.205216,0.18536,0.996752,4.821168,2.19784,16.705184,14.76624,13.20832,0.2852,0.353792,0.079968,0.016336,0.260768,5.610688,4.51648,4.9436,71.3504
373,753,0.655872,0.4424,0.3624,0.343472,0.599472,0.3584,1.569552,2.561712,2.184432,0.17912,0.213664,0.176064,0.797952,4.527488,1.959776,16.016896,14.177888,12.611808,0.123312,0.186512,-0.19016,0.013664,0.076752,5.249296,4.203152,4.64128,69.5296
374,754,0.644576,0.433664,0.353664,0.334528,0.592528,0.351664,1.55512,2.535696,2.162048,0.172032,0.225472,0.170688,0.818352,4.483408,1.994752,15.338608,13.600416,12.033536,0.177584,0.262352,-0.208768,0.011392,0.131296,5.183824,4.171264,4.61776,67.7408
375,755,0.64,0.43,0.35,0.33,0.59,0.35,1.54,2.51,2.14,0.17,0.24,0.17,1.16,4.8,2.43,14.74,13.1,11.55,0.52,0.67,0.13,0.01,0.52,5.55,4.55,5.0,66.0
376,756,0.64128,0.430768,0.350784,0.329296,0.591216,0.352736,1.524224,2.484496,2.11816,0.172688,0.257216,0.173936,1.804752,5.457456,3.242592,14.201824,12.657952,11.140768,1.14104,1.396288,0.809808,0.009392,1.227648,6.323808,5.316144,5.76528,64.3088
377,757,0.648512,0.436,0.35608,0.332432,0.596032,0.35984,1.507712,2.459152,2.096512,0.18032,0.277504,0.182944,2.804352,6.512928,4.496656,13.707776,12.259328,10.792448,2.090512,2.498032,1.88816,0.009664,2.310032,7.574256,6.535232,6.97928,62.6736
378,758,0.659584,0.444192,0.364336,0.338208,0.603488,0.369904,1.49008,2.432688,2.073904,0.190992,0.297632,0.194432,3.900752,7.6788,5.87048,13.298928,11.938624,10.532288,3.127824,3.698256,3.083792,0.010336,3.493056,8.956784,7.87848,8.31368,61.0864
379,759,0.670896,0.452784,0.372912,0.344544,0.611904,0.380528,1.470928,2.403344,2.048736,0.201584,0.3128,0.20432,4.684272,8.498912,6.853424,13.0312,11.74216,10.394048,3.873376,4.55944,3.950304,0.010608,4.34288,9.924432,8.824128,9.24768,59.5312
380,760,0.68,0.46,0.38,0.35,0.62,0.39,1.45,2.37,2.02,0.21,0.32,0.21,4.91,8.7,7.14,12.93,11.69,10.39,4.1,4.82,4.22,0.01,4.6,10.15,9.06,9.47,58.0
381,761,0.687312,0.466128,0.38592,0.354832,0.627968,0.398592,1.427152,2.332624,1.987696,0.216528,0.319584,0.211776,4.6208,8.32984,6.783872,12.995776,11.783488,10.523408,3.845328,4.524176,3.939088,0.008624,4.308768,9.690736,8.640848,9.034992,56.496
382,762,0.692944,0.471312,0.390816,0.359168,0.636128,0.406544,1.40216,2.290928,1.951584,0.221152,0.311232,0.209312,3.767632,7.33552,5.72496,13.258448,12.050944,10.822128,3.062064,3.618256,3.055072,0.006416,3.416496,8.481744,7.50528,7.88024,55.0144
383,763,0.695936,0.474496,0.393792,0.362144,0.642528,0.412336,1.375488,2.245712,1.912432,0.223456,0.29664,0.203648,2.610544,5.99976,4.284128,13.5808,12.36536,11.162928,1.99296,2.382576,1.843376,0.003808,2.199024,6.867632,5.980912,6.337088,53.5808
384,764,0.695168,0.47432,0.393728,0.36264,0.644368,0.413888,1.347936,2.198416,1.8716,0.22312,0.278848,0.196784,1.581456,4.79304,2.994656,13.747712,12.527936,11.353728,1.041616,1.282816,0.7628,0.00152,1.114752,5.42112,4.612304,4.955776,52.2352
385,765,0.69,0.47,0.39,0.36,0.64,0.41,1.32,2.15,1.83,0.22,0.26,0.19,0.95,4.01,2.19,13.63,12.42,11.28,0.46,0.61,0.1,-1.73472347598e-18,0.45,4.5,3.74,4.08,51.0
386,766,0.68032,0.46152,0.382528,0.35416,0.629584,0.400752,1.2916,2.100288,1.78744,0.213968,0.23976,0.182896,0.663216,3.592592,1.80488,13.246928,12.059024,10.95824,0.197968,0.306832,-0.202272,-0.000848,0.148032,4.03408,3.297232,3.64296,49.8704
387,767,0.665776,0.448576,0.370912,0.344784,0.612688,0.385776,1.262848,2.049312,1.743872,0.204816,0.218,0.175408,0.746544,3.5664,1.869968,12.5696,11.41632,10.360288,0.27824,0.399696,-0.118544,-0.000992,0.234624,4.056832,3.315072,3.677888,48.8528
388,768,0.647792,0.432592,0.356736,0.333088,0.591552,0.36704,1.233376,1.997216,1.699584,0.193504,0.19624,0.16752,1.062672,3.792768,2.221296,11.735712,10.627856,9.619536,0.574352,0.74464,0.210064,-0.000656,0.567216,4.388784,3.626752,4.010176,47.9072
389,769,0.628688,0.415888,0.34256,0.321072,0.569856,0.347744,1.202544,1.94408,1.654896,0.181552,0.17648,0.159072,1.36528,4.020016,2.563104,10.974944,9.919232,8.957104,0.859184,1.082384,0.529392,-0.00024,0.889408,4.707216,3.931312,4.326224,46.9696
390,770,0.61,0.4,0.33,0.31,0.55,0.33,1.17,1.89,1.61,0.17,0.16,0.15,1.5,4.09,2.71,10.43,9.43,8.51,0.99,1.25,0.68,0.0,1.04,4.81,4.04,4.43,46.0
391,771,0.59151892823,0.384703770335,0.318758889952,0.299623961722,0.531564325359,0.313484401914,1.13593133014,1.8351535311,1.56498970335,0.158759196172,0.146877856459,0.140471885167,1.51663563636,4.05505515789,2.72272015311,10.0644892632,9.12478591388,8.24382101435,1.01268478469,1.30022422967,0.713778220096,0.000137186602871,1.07095219139,4.76285764593,4.01458694737,4.3853858756,45.0051751196
392,772,0.573306641148,0.370030851675,0.308930449761,0.290007808612,0.514573626794,0.298222009569,1.10039265072,1.7797036555,1.52005251675,0.147859980861,0.137429282297,0.130599425837,1.42801018182,3.93012378947,2.61753676555,9.87767831579,9.00410556938,8.15896107177,0.939695923445,1.24744114833,0.644635100478,0.000189933014354,0.996536956938,4.58275222967,3.87168673684,4.20830537799,43.9810755981
393,773,0.555414354067,0.356077933014,0.299902009569,0.280711655502,0.49894292823,0.284319617225,1.06381397129,1.7236937799,1.47471533014,0.13760076555,0.130780708134,0.120486966507,1.26010472727,3.73471242105,2.42347337799,9.81294736842,9.00518522488,8.19578112919,0.790787062201,1.11385806699,0.496771980861,0.000162679425837,0.838121722488,4.3041668134,3.63990652632,3.93626488038,42.9489760766
394,774,0.537687425837,0.342766162679,0.290519119617,0.27089569378,0.484210602871,0.271635215311,1.02685864115,1.6671162488,1.42818962679,0.128265569378,0.125342851675,0.11025508134,1.06718109091,3.51322526316,2.20212922488,9.76777010526,9.016415311,8.24765611483,0.609654277512,0.948753837321,0.322097760766,8.94928229665e-05,0.6435855311,3.99873316746,3.38055157895,3.64489500478,41.9470009569
395,775,0.52,0.33,0.28,0.26,0.47,0.26,0.99,1.61,1.38,0.12,0.12,0.1,0.89,3.3,2.0,9.67,8.96,8.24,0.43,0.79,0.16,1.08420217249e-19,0.45,3.72,3.14,3.39,41.0
396,776,0.502281110048,0.317657952153,0.268261435407,0.247980325359,0.45609523445,0.249206583732,0.95335969378,1.55246698565,1.33027552153,0.112706832536,0.114626220096,0.0897969760766,0.748189090909,3.11527915789,1.84059069856,9.50352926316,8.82077573206,8.15763337799,0.270603330144,0.658614047847,0.0308691291866,-7.80861244019e-05,0.278546373206,3.49327800957,2.94209094737,3.19571605742,40.1080114833
397,777,0.484233110048,0.305401952153,0.254821435407,0.234492325359,0.44188723445,0.238742583732,0.91721569378,1.49462698565,1.27899552153,0.106194832536,0.108658220096,0.0797489760766,0.690381090909,3.00716715789,1.78163069856,9.21674526316,8.54703173206,7.94995337799,0.176043330144,0.604934047847,-0.0156268708134,-7.80861244019e-05,0.179298373206,3.38191800957,2.84527494737,3.12405205742,39.2824114833
398,778,0.466019751196,0.293304803828,0.240135885167,0.219924133971,0.427580861244,0.228660593301,0.881448344498,1.43655464115,1.22650403828,0.100358813397,0.102279502392,0.0698204019139,0.689591272727,2.94993094737,1.79075146411,8.84320757895,8.17513730144,7.65121844976,0.124107253589,0.602775196172,-0.00651177033493,-3.21531100478e-05,0.127371330144,3.34940623923,2.81683368421,3.13731743541,38.5066870813
399,779,0.44796907177,0.281568229665,0.225113110048,0.205016038278,0.413683674641,0.219187598086,0.845732669856,1.3783184689,1.17337829665,0.0950648038278,0.0960661435407,0.0599121148325,0.687172363636,2.88785684211,1.79811184689,8.45656673684,7.78375808612,7.33621098565,0.065299215311,0.594655770335,-0.000562220095694,-9.18660287081e-06,0.0673838086124,3.31727035407,2.78624505263,3.1553181244,37.7500248804
400,780,0.43,0.27,0.21,0.19,0.4,0.21,0.81,1.32,1.12,0.09,0.09,0.05,0.68,2.82,1.8,8.07,7.39,7.02,1.33226762955e-15,0.58,-4.4408920985e-16,-2.16840434497e-18,2.22044604925e-15,3.28,2.75,3.17,37.0
