,wl,1HAL-left,1HAL-right,2HAL,DESK,LED-B100,LED-G100,LED-R100,LED-RGB025,LED-RGB050,LED-RGB075,LED-RGB100
0,380,0.0511977081951,0.0919305398738,0.129547254103,0.476755819573,0.216473735662,0.169376716228,0.160606926402,0.21033285274,0.214047833152,0.203948364545,0.276288980387
1,381,0.0801030747105,0.0807504058063,0.120835944868,0.479493040235,0.227979310481,0.201109366303,0.162255361089,0.200127765544,0.204001041286,0.206250914446,0.230285630788
2,382,0.092890435435,0.00888465130879,0.126045120822,-0.0657213129982,-0.35149377385,-0.400248010003,-0.411459288087,-0.387842317916,-0.391332762716,-0.374683334012,-0.396933252914
3,383,0.0440337649303,0.0579601729027,0.114534877358,0.56079587726,0.212549820303,0.210777144971,0.246098311178,0.225194372394,0.225559864887,0.230046013111,0.217139153028
4,384,0.0695698209989,0.0846870006082,0.167881189216,0.472729598565,0.160202147046,0.173564882002,0.139643275718,0.179337605191,0.18158481543,0.183528768635,0.159831747659
5,385,0.0992601779776,0.0842943034566,0.154244476342,0.438005380862,0.181931769168,0.205210743786,0.14208415269,0.164811365347,0.161392581257,0.17107166399,0.182689559084
6,386,0.0748915076034,0.117202614555,0.186247453557,0.253185585619,-0.0089669490759,-0.0337209164764,-0.0515444901974,-0.045381061956,-0.0489426900233,-0.041004917628,-0.0331906127332
7,387,0.12973059983,0.0386156121659,0.154433764003,0.353402403289,0.0848499742037,0.0539967636943,0.0864517819687,0.0718657582335,0.0674758734994,0.0759452734005,0.0662758686216
8,388,0.169766609044,0.171751715457,0.190863992072,0.0955388664483,-0.216549565388,-0.227590794457,-0.192962763339,-0.211320749771,-0.216014534981,-0.215265183188,-0.215212336036
9,389,0.0973286720798,0.0107822493223,0.101167223741,0.421538746362,0.109460980864,0.0910512926498,0.122985707906,0.117550358153,0.116118511294,0.113890164304,0.122671503124
10,390,0.0405333430586,0.0261120318431,0.0539727814527,0.45599614895,0.197117027193,0.173926458054,0.153570867639,0.177903487238,0.1838967648,0.177011449216,0.180849409323
11,391,0.107322184739,0.102150038212,0.142774528796,0.443656234822,0.200404843427,0.253815613566,0.191267131054,0.203410949798,0.202984057842,0.20057150136,0.250537529674
12,392,0.0188369559445,0.080163162137,0.109533958666,0.464149683269,0.228283906883,0.173497226943,0.207303045355,0.193660016751,0.193597918559,0.200069359529,0.201766768197
13,393,0.146711939791,0.134054159155,0.172281647245,-0.0815794960757,-0.432611755726,-0.430382813514,-0.452160100732,-0.435731226245,-0.445058140212,-0.431311692523,-0.432290496404
14,394,0.0335383110765,0.0875645324598,0.0765903347304,-0.0356027165442,-0.297046885523,-0.312458386266,-0.356452935904,-0.334235852375,-0.333411995348,-0.32240321109,-0.349044036518
15,395,0.0418640977672,0.109712196879,0.141229189451,0.570808668478,0.32259649774,0.356402624028,0.323526709391,0.320476338408,0.32137315725,0.320240737816,0.338613764942
16,396,-0.000821261851087,0.0332992040939,0.0985572444393,0.44140173669,0.187207036714,0.211348161976,0.193753014615,0.201709935584,0.203063257012,0.203741543306,0.231848310773
17,397,0.0157518518952,0.0161172726195,0.0690734393486,0.467002298344,0.164028072568,0.17701659402,0.179843758307,0.199002579816,0.196529688124,0.196119554724,0.203845482538
18,398,0.102159323549,0.076392146004,0.158815895282,0.437509854479,0.170654922411,0.158490795954,0.132202180163,0.148210618023,0.152736342687,0.155552284332,0.191116632534
19,399,0.0633460355027,0.0814284361257,0.147702353035,0.394246178437,0.147123172585,0.182807286727,0.124648890955,0.146542166657,0.14385743942,0.149361425195,0.175561603256
20,400,-0.0938897234316,-0.145338389274,-0.0328871731217,0.258701902411,0.00243311625336,-0.00543030939243,-0.0466592370048,-0.0213334269485,-0.0224677379084,-0.00824217794024,-0.00431980866003
21,401,0.108498706839,0.0775714427767,0.141530243343,0.43885327229,0.264714539525,0.232049567912,0.223355301758,0.210441942409,0.208535892023,0.213599586433,0.226263079988
22,402,0.146692478705,0.0973611444875,0.182555618821,0.158295025869,-0.143791638483,-0.138779091388,-0.141591938025,-0.138864086561,-0.136347528594,-0.137759052462,-0.138676619213
23,403,0.113140570538,0.0194902269469,0.157458181971,0.387674157579,0.150625523531,0.152547456227,0.150976309667,0.145879433939,0.149981267421,0.144738221445,0.184779349559
24,404,0.0882210537801,0.129227382576,0.198946761422,0.360111456452,0.0616779199405,0.104448295771,0.0770017298989,0.0836949711402,0.0782036276057,0.0857208864255,0.135028063199
25,405,0.124832069909,0.117452160294,0.19680399046,0.32834029873,0.0762144408337,0.027088914748,0.0778773061368,0.050348348673,0.0422946277055,0.056093400108,0.0778020554298
26,406,0.0936169745478,0.089594619315,0.145906354604,0.481587853001,0.262802416599,0.232290805756,0.247537319657,0.238229051208,0.230577357175,0.234394722509,0.258440573839
27,407,0.0632988038332,0.0733712044627,0.170987352411,0.402911244207,0.0971050025404,0.0871956008736,0.090110533876,0.100050215693,0.0982837333791,0.10529453983,0.121027671176
28,408,0.126171742923,0.0676213497896,0.187863912966,0.505557308413,0.217223558973,0.163863030787,0.173326759011,0.201796406658,0.191495233794,0.20303393906,0.218437523388
29,409,0.131138231606,0.142934946763,0.193596995685,0.274229003932,-0.0362576716319,-0.0583151509666,-0.106657359455,-0.0686958188104,-0.0713348506972,-0.0720961418819,-0.0810308632922
30,410,0.149945922076,0.133922563781,0.223604564923,0.602451200323,0.315097931585,0.318107214684,0.255485472381,0.278435752935,0.2872777767,0.294461668236,0.28084711929
31,411,0.19762516012,0.14794691391,0.257960232552,0.462164399413,0.0995267408944,0.141192535989,0.144094070822,0.124234706467,0.126578231885,0.121388492032,0.0956689410039
32,412,0.166221105333,0.205153327606,0.276502083384,0.552639176234,0.197816837077,0.176090788518,0.171990682887,0.176531306813,0.180994995076,0.160812303766,0.18859126027
33,413,0.174619597004,0.186371290551,0.20985968186,0.551623525092,0.1201709597,0.101537832607,0.0761165480477,0.111978178188,0.104904413742,0.113718436959,0.142630317121
34,414,0.233494514293,0.269051275793,0.255320123356,0.452975507951,-0.00925033030046,-0.0241255573237,-0.0970547507757,-0.0359186037115,-0.0320724660977,-0.0290803288376,-0.0199615317748
35,415,0.19191973908,0.265285721865,0.278846401795,0.47504313819,-0.0751563459628,-0.0642806936873,-0.0898101521623,-0.0670685300257,-0.0720312485892,-0.0660008190565,-0.0295492025123
36,416,0.215281187916,0.249417370923,0.257090619061,0.63470992586,0.15665019486,0.183909190767,0.118155248459,0.13759394745,0.132247310487,0.148020618224,0.127608399758
37,417,0.292332526565,0.307197779303,0.28933855054,0.654713290362,0.126008558812,0.123182730023,0.080084039182,0.0832477401124,0.0768705447811,0.0967463848199,0.0952733840853
38,418,0.304234852492,0.34115720718,0.290416367964,0.535763210172,-0.0436501290961,-0.121602531208,-0.109705530386,-0.103861902907,-0.10875914612,-0.102428525026,-0.061726427764
39,419,0.328777927269,0.374921722033,0.28318742929,0.892379991324,0.239511768401,0.217692687948,0.23360680764,0.220676809681,0.227457070392,0.239322704497,0.242856803064
40,420,0.333185198738,0.461373095195,0.280412781124,0.941401530745,0.17991212511,0.117394213454,0.118866820851,0.130991809744,0.137141164636,0.150184167581,0.211053389825
41,421,0.411605841622,0.477684932899,0.32365085025,0.669142696141,-0.115085797955,-0.191980753309,-0.200706757842,-0.195776300435,-0.178745831743,-0.172481572212,-0.125162804173
42,422,0.465647828191,0.538374484938,0.351967532692,0.943263096636,0.154137086718,0.0805547001911,0.0158126259102,0.0524696571691,0.0676628620042,0.0830771297062,0.107659790464
43,423,0.414161356084,0.495579597463,0.36675794526,0.748849146017,-0.062035348212,-0.17916233291,-0.194111429438,-0.176702177776,-0.165435812564,-0.142652385994,-0.0946840414999
44,424,0.639221640297,0.651988532238,0.459392072487,0.624716364361,-0.28277861914,-0.449389944974,-0.441256910757,-0.424465259839,-0.399356603094,-0.384297055292,-0.303467955228
45,425,0.572252510057,0.643253181394,0.408092396495,1.04120030201,0.179969103665,-0.015644386147,-0.0309827904463,0.00369757254393,0.0207281139842,0.0484114093792,0.129396933502
46,426,0.603871525324,0.616821961539,0.389396734556,1.25861391406,0.497403589744,0.247088417206,0.214488673534,0.254034357586,0.270956214393,0.311335767612,0.415178555046
47,427,0.522099233238,0.613793426415,0.374865060909,1.06662549976,0.221298102911,-0.0948988174089,-0.110751436567,-0.0754450927092,-0.0459152207339,0.00249408564136,0.102200112763
48,428,0.552224065699,0.686019777292,0.416511371914,1.32534854783,0.498723099234,0.161006022178,0.127384305043,0.172992089555,0.204719071126,0.264430176172,0.438891622172
49,429,0.605862496942,0.647387614182,0.395015698019,1.43281157411,0.661588637701,0.239153503897,0.188240368939,0.223469402057,0.280508722102,0.339781181621,0.524992389163
50,430,0.669360036919,0.712942692796,0.421543720157,1.32142826726,0.57872517435,0.070828555563,0.0523325687184,0.112304610293,0.162327168877,0.231565866769,0.453089483527
51,431,0.708633710769,0.744812086008,0.479228964609,1.40959597907,0.814112039831,0.147212725385,0.134093637385,0.209174269957,0.265583903417,0.362106813188,0.590093752507
52,432,0.689192398148,0.754818908866,0.496082031311,1.53675203968,0.946068541903,0.18885838427,0.14341965715,0.238757271827,0.31387570926,0.419310482615,0.686976370727
53,433,0.725174844233,0.741020955827,0.49430695225,1.39309724218,1.01362245055,0.0798636903475,0.0438333394739,0.126861658924,0.223422327746,0.34605503644,0.65607127169
54,434,0.734477430808,0.767935392887,0.486252247014,1.48584347234,1.25755007817,0.142032734039,0.131971708342,0.224284430507,0.328019079369,0.481049902534,0.906061812564
55,435,0.695227020325,0.758418823845,0.452590827786,1.44992829202,1.38712313181,0.0870813041551,0.0412507172976,0.169979238927,0.281709069729,0.455079044728,0.927806765353
56,436,0.773010720591,0.828375489484,0.503347792043,1.59337708933,1.67525095626,0.129676656543,0.158876788968,0.276692523813,0.418289380715,0.623758572621,1.20027730028
57,437,0.710011625657,0.825946206912,0.514045947492,1.68050920389,1.99169012488,0.204484009813,0.207424774781,0.349651495387,0.510896653235,0.755137970771,1.35820259803
58,438,0.742240482664,0.826210715976,0.494145009136,1.59867607653,2.09655332679,0.0798876911057,0.0161394584401,0.247420271376,0.43311414627,0.720247823824,1.45097470836
59,439,0.820493524136,0.857108591439,0.527061663873,1.54966086383,2.34954699366,-0.00243929836967,-0.0172613376196,0.201018900122,0.41780037704,0.735757393512,1.59014272478
60,440,0.799454973649,0.878123419174,0.534120294092,1.55774430247,2.81591129142,0.0273689600959,-0.00113834982198,0.275427863446,0.51949247084,0.901269825989,1.92349195241
61,441,0.825323838726,0.891580962858,0.564107480143,1.70088081805,3.26946107686,0.0696284655302,0.035874025342,0.344203347639,0.641222453268,1.07699001501,2.28457031168
62,442,0.815964500877,0.934462583665,0.58606718571,1.80056320385,3.79044045663,0.0942029208334,0.0637582587693,0.430947670226,0.783658690432,1.28447129223,2.64323161622
63,443,0.865552733594,0.919698152373,0.613104256837,1.84629443891,4.45076703024,0.167982582469,0.13341221182,0.544050924037,0.940406394234,1.5017846313,3.1386117876
64,444,0.881639280137,0.914114193732,0.584783092176,1.70155870902,4.86857453693,-0.0101289363674,-0.0618561478009,0.412912335855,0.864644064417,1.52929353377,3.35494305017
65,445,0.925468750484,0.999165215606,0.590747046458,1.87237796868,5.71159122021,0.0904706324613,0.0638938420135,0.603743707441,1.11199170908,1.86647785777,3.94625869116
66,446,0.896832967343,1.01288701713,0.632485266455,1.93059039607,6.49966489507,0.142327510531,0.0902831692396,0.701520863481,1.28498345795,2.16267285719,4.51425672199
67,447,0.870182882063,1.01994489508,0.6069152545,1.97892826488,7.47826914982,0.140408589276,0.134189184454,0.830495370652,1.4882149198,2.46976756996,5.13628800828
68,448,0.927610988824,1.01324269942,0.599700209626,1.72647075654,8.17588571038,-0.150498299342,-0.211846932519,0.615072618447,1.35538952977,2.47894201077,5.49962839603
69,449,0.897096564147,0.988870490507,0.558545539443,1.91297700584,9.56470928873,0.0461295441518,0.0293765003348,0.930761523068,1.78658433949,3.0706855699,6.61060784954
70,450,0.933197025368,1.02574981842,0.6713559878,2.12382215692,10.9777400866,0.177342342351,0.169976811323,1.21258953492,2.19999070204,3.65693078938,7.67001001718
71,451,0.970974678147,1.01466551483,0.644808206583,2.0975134823,12.2491253639,0.134228854252,0.08034693848,1.27957475654,2.36420113079,4.00054491179,8.57620603726
72,452,0.949104403631,1.01161187966,0.636912769669,2.04692898008,13.5697108625,0.0413395189444,0.0367080955757,1.34883329942,2.58068857569,4.39860738358,9.43751515462
73,453,0.945249128587,1.00604492625,0.66156776691,2.14731967188,14.9099464676,0.121527549849,0.0679383974215,1.57861601548,2.94616874424,4.98698381351,10.6243476782
74,454,0.963613343893,1.09925740046,0.681102311278,2.25029980652,16.2952892697,0.220180318429,0.180936942107,1.83902745504,3.33930586092,5.57101723905,11.8455948389
75,455,0.97529639322,1.01854315016,0.64215868371,2.12165133763,17.3531105524,0.0167260814409,-0.0253950156274,1.79593456501,3.42566645241,5.85897549605,12.5559575932
76,456,0.933616887572,1.06608914809,0.669319314099,2.34234317571,18.7649031518,0.210400506425,0.151776639659,2.08120199293,3.84547422599,6.47446944778,13.7346331992
77,457,0.998506001833,1.07562125515,0.688851837597,2.24377449419,19.6543447009,0.0714999419492,0.039443557216,2.08460773544,4.01433832554,6.79880012623,14.4644131158
78,458,1.04775200024,1.06825219142,0.681636745542,2.32765859523,20.2653710068,0.151855242312,0.107466357133,2.26066105676,4.2754544152,7.21175950774,15.1784499181
79,459,1.0304625712,1.13364548385,0.737653617439,2.44670270806,20.7070294939,0.239932373355,0.183952238889,2.41755818898,4.4938316474,7.56895908714,15.9083327457
80,460,1.00846367709,1.14169468607,0.741100907553,2.43115315169,20.8289531345,0.157802841085,0.119048159801,2.39654582319,4.50901773923,7.67386175265,16.1425631624
81,461,1.04986865053,1.2018334623,0.695997596638,2.30758774771,20.4116446102,0.0201982448793,-0.073254680482,2.24838213235,4.37694151597,7.57953127378,15.8661732421
82,462,1.03452779883,1.18115936435,0.731784117498,2.45751321436,19.9483520534,0.144188223364,0.0521948588908,2.32909380478,4.42801012768,7.59997004211,15.8709606325
83,463,1.1187526716,1.20861882793,0.744877302086,2.49005474545,19.5458745415,0.0746622061629,0.0169040170667,2.24042895486,4.32271154714,7.45669549936,15.5700528195
84,464,1.09087199296,1.17888020167,0.788038414967,2.62769502921,18.4880678988,0.159092719103,0.087011722187,2.20062262463,4.21395165082,7.20387930964,14.9860603231
85,465,1.10512480796,1.19732507542,0.760983438023,2.68160421891,17.4130747172,0.229339327025,0.116968280131,2.14074153563,4.05628255569,6.92226732689,14.2999774197
86,466,1.06921819683,1.23939041358,0.775346305299,2.76328208527,16.2569669525,0.194253220727,0.0974522308469,2.00411422507,3.80731477748,6.53330601278,13.6342098966
87,467,1.17309441694,1.23137240415,0.813975987522,2.7029021734,14.9419796162,0.140742444855,0.035195618088,1.79014473585,3.47084511055,6.03443483376,12.5772976888
88,468,1.14929760593,1.264915765,0.830546076724,2.79955952929,13.9779953319,0.219627540512,0.126497055146,1.73252014242,3.28804398872,5.67345467724,11.6997435902
89,469,1.12068538104,1.24735494708,0.78556888167,2.75516313163,12.6682788166,0.108687207321,-0.0183384813333,1.48577412567,2.90360460639,5.12831690079,10.6293611972
90,470,1.18911152812,1.29663086718,0.826171059575,2.90868750318,11.9453962936,0.232645985912,0.077362674764,1.47081829916,2.80454718541,4.85159469351,9.96798528013
91,471,1.21768505903,1.32750074713,0.837829406066,2.94743239932,10.9283711983,0.262696598871,0.134266871959,1.38898608832,2.59130247298,4.45621895394,9.09213547189
92,472,1.24928009141,1.3302292281,0.855434302487,3.00542558718,10.016574198,0.224089591368,0.0109098840992,1.20665268027,2.33384684021,4.07343147731,8.39090406443
93,473,1.23321262965,1.35876546881,0.853538146908,3.0415309754,9.4413796563,0.248122102933,0.0349122000143,1.14934099074,2.19543093413,3.82754265524,7.88043463032
94,474,1.28625415684,1.3808244351,0.894470717161,3.20573840335,8.77782336396,0.359251996848,0.123296036162,1.14048524377,2.12538964164,3.63584076965,7.4582076682
95,475,1.27943176001,1.38959458554,0.899334174466,3.19925673445,8.16043590649,0.407073901938,0.145128629977,1.08799724274,1.99992487456,3.42637284728,6.95879533089
96,476,1.28894282771,1.44805092217,0.937307466334,3.21350055341,7.63602586052,0.399699740751,0.0586632524772,0.961857047399,1.82669475453,3.17861961964,6.47257904022
97,477,1.26569851055,1.41632207529,0.925172256912,3.26743268352,7.01633328665,0.418624431265,0.0787622071987,0.903869123473,1.69481244896,2.9519401143,6.03421108765
98,478,1.34807040466,1.4668844182,0.920590849796,3.15023560981,6.34514275009,0.315882721094,-0.0985665859946,0.678346549452,1.43168441197,2.59515389313,5.47197970789
99,479,1.35821943889,1.46403244395,0.912208072364,3.35058782398,5.85081838715,0.463404811007,0.0520197174902,0.758338250255,1.44908343694,2.53918360865,5.19346848552
100,480,1.39758051708,1.52307884971,0.989019584159,3.3945035753,5.46758098696,0.491588465576,0.0101881900989,0.704140708893,1.35485686841,2.3787491464,4.85850437338
101,481,1.39514678896,1.55359735401,0.958981907917,3.41085734561,4.87698052649,0.483499587297,-0.064401319651,0.568728018193,1.17916079129,2.1400839053,4.40488419551
102,482,1.41919024225,1.55708944623,0.962953073144,3.58560535727,4.68248577985,0.731843253018,0.0770555265544,0.676650908537,1.24003469786,2.15626198472,4.34849116273
103,483,1.41615400836,1.57592627737,1.00256109571,3.61547251159,4.12484264364,0.78808854568,0.0593221239715,0.614499767068,1.13997006642,2.00475025536,4.0238888885
104,484,1.44051892076,1.60091420545,1.01394717687,3.68467310555,3.83767290375,0.936148773886,0.0989063044465,0.615591055581,1.11028676471,1.92025048469,3.84393454714
105,485,1.48780406276,1.63084929513,1.02741008283,3.72334597759,3.47561055257,1.00655683728,0.0301996026688,0.537095681203,0.999590082974,1.76795080439,3.56075949679
106,486,1.47217379925,1.6117908775,1.01434622297,3.7781054636,3.13200976742,1.1414634859,0.050497495633,0.512500955971,0.953414674269,1.68459234473,3.36802071687
107,487,1.47501031886,1.64576858885,1.04396969008,3.7853518376,2.83917679065,1.23802268981,0.0212492324529,0.458957500871,0.877247869768,1.58425857317,3.19974617926
108,488,1.48774673464,1.63409644865,1.03363894648,3.98637791604,2.72537759781,1.43229467662,0.062318718873,0.494488386776,0.896095069644,1.59166084873,3.21783077102
109,489,1.49906523157,1.67906057814,1.03650003822,3.93884349966,2.4096739374,1.62061785771,0.0452374583269,0.467429114119,0.855227474328,1.53998530971,3.08521846139
110,490,1.55302273247,1.72677700357,1.10807472651,3.91956496203,2.11152222312,1.69259587306,-0.0337080430107,0.360816212473,0.746283782677,1.41985260064,2.86344974536
111,491,1.55949871633,1.73144300431,1.12036094391,4.12749711093,2.04672765751,2.05736552518,0.0690307542781,0.47545951407,0.857175484194,1.54093416112,2.98422129374
112,492,1.55543385242,1.75453963865,1.10022791264,4.15423303273,1.85419859352,2.27775373722,0.0235412454147,0.441304809161,0.827432121116,1.52738648419,2.99942815767
113,493,1.5873950967,1.7897484731,1.13559762008,4.19096638061,1.69949373002,2.52720209322,0.00635796167883,0.447261501296,0.832992302282,1.55505703383,3.11234182744
114,494,1.60954145077,1.77988421574,1.174286922,4.25802972174,1.51669131172,2.77970262322,-0.0186660965509,0.428304973569,0.827621633542,1.57833335399,3.18470629056
115,495,1.6544028607,1.82623967982,1.17369261478,4.33597307867,1.41262726465,3.11261505623,-0.0316700086253,0.429896032885,0.84465338503,1.63420569116,3.27264279858
116,496,1.65557547003,1.8229388874,1.16114315237,4.53055641502,1.36000459109,3.54717576069,0.0787954569851,0.554479057344,0.986384242704,1.81620258004,3.51602844029
117,497,1.64035419128,1.8745984523,1.17700402101,4.54209717935,1.28072499121,4.00045115178,0.086210839003,0.587917935253,1.03909849869,1.92567411976,3.75785648132
118,498,1.70002369194,1.91803976956,1.22310045206,4.6294877191,1.14976807768,4.36772446191,0.0770071222572,0.619835465618,1.09222009518,2.03311581491,3.96380266764
119,499,1.71837854244,1.91231737924,1.24084904116,4.68491890654,1.06357938094,4.81235014861,0.0539285166047,0.621600239318,1.13640689179,2.13524073708,4.17716366494
120,500,1.74216538878,1.96073134238,1.24015926675,4.58458006775,0.808406939861,5.11265479538,-0.107363077314,0.506596973287,1.04030590624,2.11489667099,4.33835325387
121,501,1.77894128522,1.97106628991,1.252293534,4.77625285224,0.8399742995,5.75240516378,-0.00608566906434,0.654616648647,1.2250822228,2.37482848006,4.70739821184
122,502,1.81828076991,2.00919375906,1.28972144709,4.85984335192,0.743312234973,6.23626078833,-0.0280289336937,0.681284752071,1.29829706336,2.51893587436,5.07540185501
123,503,1.82691091473,2.04191349631,1.30177912974,4.94377603902,0.652347811174,6.72909611901,-0.0763626483735,0.679148150653,1.33702291521,2.64650502821,5.32736777895
124,504,1.81464581232,2.01695608212,1.31217702981,5.03805572421,0.654127658385,7.32494886106,0.00499805963418,0.817320185423,1.51701008583,2.90119176759,5.79237740306
125,505,1.86939937228,2.08851033363,1.32934581972,5.08394503791,0.608981786598,7.8061436815,0.0286551845754,0.889677405756,1.62782562548,3.09608839677,6.13385141724
126,506,1.89511699784,2.10168050938,1.34134795076,5.2620820703,0.598112816931,8.37479777394,0.0914630856453,1.00152148733,1.7843139533,3.34069126393,6.55901438428
127,507,1.91880041915,2.13244957176,1.37857469566,5.22365957651,0.468427932046,8.7630417361,-0.0326579011696,0.938801754131,1.76699631937,3.40247342095,6.91516621908
128,508,1.94652757268,2.15843946174,1.39756087275,5.36505100537,0.49958030196,9.27243775305,0.0238357574324,1.04389944081,1.9177473779,3.62559268156,7.26693480173
129,509,1.95531223816,2.1572186549,1.40726461726,5.46730114064,0.458331036766,9.64790587048,0.0307021377512,1.10179204372,2.01621967705,3.80474994493,7.57320315603
130,510,2.03600506134,2.20100822664,1.43484958645,5.48310474939,0.392285847018,10.0462860027,0.0138798381888,1.13473741698,2.08491491833,3.94230318389,7.92023899237
131,511,2.02743497407,2.24799951782,1.42963729487,5.45014752239,0.131314804062,10.0391210824,-0.201720010321,0.947883727098,1.93440273993,3.84290278965,7.97185364257
132,512,2.06788924456,2.26313490664,1.46742159598,5.70455112595,0.37462136277,10.4635805801,0.0760799183821,1.24801304457,2.26354663924,4.2179272117,8.53713164545
133,513,2.10121029359,2.27558475675,1.4635111464,5.72539447685,0.34281480593,10.6674767053,0.0468465312115,1.26213965816,2.30699199801,4.28363731509,8.68759867536
134,514,2.12225820114,2.30209484124,1.49748468394,5.84663005259,0.298463572028,10.7346389776,0.021997826506,1.25312658594,2.30118254446,4.31102408056,8.77122734175
135,515,2.13939191102,2.34181431636,1.50784230024,5.89500457984,0.265004863473,10.7682597625,0.0338887991346,1.27262991697,2.32341817125,4.3341753298,8.87398260507
136,516,2.1629619034,2.35871721857,1.52852913151,5.97391841077,0.277372436736,10.6864052552,0.0422087266663,1.28937911794,2.35078180523,4.36480349581,8.8819175953
137,517,2.16847581124,2.38570107053,1.53890306504,6.02663246023,0.221984930538,10.6536015593,0.0167013531072,1.24661675736,2.3055169236,4.30150369479,8.7764846362
138,518,2.19364512431,2.4062644266,1.5489131543,6.13946751988,0.239423920332,10.4759967528,0.0363363532773,1.27408682747,2.32854493154,4.29273630182,8.77330508246
139,519,2.20451575755,2.42077704074,1.59250782753,6.22524975593,0.241396960813,10.2132517265,0.0717403688107,1.27337852952,2.32168717864,4.24553891917,8.69646455112
140,520,2.21406721029,2.46824414293,1.56722846782,6.30417544536,0.194055347913,9.93721111732,0.0096087378221,1.21533793719,2.23719700806,4.12050679989,8.44580741729
141,521,2.28038410189,2.49406011823,1.57203065728,6.43693358839,0.172422470241,9.60745289905,0.0269110925174,1.18227397285,2.17826224811,4.02739613599,8.2859148866
142,522,2.24969654688,2.47733320413,1.60332418151,6.35419301518,0.0686413246646,9.26968572487,-0.072687252237,1.04996448115,2.02207883128,3.79433668099,7.97051207193
143,523,2.34067532765,2.53840246777,1.62075889869,6.5249695374,0.136065855711,9.00937656442,9.48150712091e-05,1.09554108742,2.03341054852,3.75648664457,7.74562626628
144,524,2.33253869212,2.56211108798,1.61306836165,6.55505114214,0.116498173236,8.57249731491,-0.00233040794363,1.05720355399,1.96309496845,3.61155613206,7.48676686962
145,525,2.34104115526,2.58017952827,1.63389112895,6.67761084919,0.109424261984,8.22400895879,-0.00858445729231,1.00354449244,1.8770511224,3.45771972647,7.17606741945
146,526,2.3642620852,2.59108393291,1.68476036244,6.71669742547,0.0566953286301,7.88569633324,-0.0555696327956,0.932479366432,1.77359427647,3.28708522253,6.86063964493
147,527,2.40001712897,2.62367878598,1.72812691911,6.86398055088,0.120855231901,7.4866087492,0.0195075773821,0.945091845047,1.74970420919,3.18620562848,6.64048447
148,528,2.41246955408,2.66973634851,1.68692014076,6.9396382837,0.119104301565,7.22658716508,0.0125409161406,0.905417698613,1.68061444417,3.056189998,6.34071353546
149,529,2.41947445163,2.6762819976,1.73985576148,7.06004495088,0.142951314723,6.8762963329,0.049007150439,0.909519275679,1.63699375973,2.95385200591,6.08320028742
150,530,2.46714204349,2.72059691622,1.73906252332,7.15463167559,0.143416500613,6.6178912088,0.0553997608256,0.862565880819,1.56622054765,2.81744987713,5.85232267198
151,531,2.45052452794,2.72469975618,1.71704391923,7.24069214854,0.101098729986,6.21872665322,0.0306560263274,0.79365948738,1.46178585738,2.65272667796,5.48782296973
152,532,2.52598328517,2.78226842586,1.76144164557,7.36941665271,0.151780281045,6.01198083175,0.0667901723224,0.802379852489,1.43702660856,2.5620951396,5.25133473502
153,533,2.50367183029,2.79818950482,1.8015704003,7.45114647874,0.0703108343906,5.59243262011,0.0161173983067,0.709957145496,1.31278409193,2.38443766609,4.94253774081
154,534,2.5666615506,2.83478015073,1.80715263923,7.52519528348,0.0751847169001,5.29947668585,0.021580568972,0.678075665557,1.25617892433,2.2659586768,4.70179834153
155,535,2.54384392093,2.84180362937,1.80417107769,7.63842098354,0.117185879507,5.06248565375,0.0535978551811,0.677408155147,1.22424166092,2.18910957333,4.49820893934
156,536,2.60477475069,2.87723873777,1.82964937173,7.67642102725,0.0584335588835,4.74421405476,0.0271972015653,0.613733801817,1.13019517876,2.03735099861,4.20708656185
157,537,2.62267053728,2.88630689412,1.87065767731,7.84326588295,0.120645946919,4.51285562524,0.0489138315091,0.612519139315,1.1039158579,1.96489872862,4.05438959873
158,538,2.64226745025,2.90700600062,1.86529659919,7.84393978822,0.0199397023771,4.20452404721,-0.0366789956924,0.494651951199,0.96365412976,1.77223613658,3.75426599521
159,539,2.6522843992,2.99000338942,1.91699171669,8.10418900076,0.0998572362625,4.05097080838,0.0583004233453,0.557734772451,0.992701866919,1.76529058113,3.62795231638
160,540,2.66801965824,2.97116968079,1.91554625626,8.14703786542,0.0781504584361,3.78487525086,0.0219268269205,0.493646993705,0.903519962816,1.62622615749,3.38790895283
161,541,2.71671740207,3.07267464192,1.90080485077,8.24022033419,0.0832840104969,3.5900421404,0.0528653839013,0.490347385932,0.880851965687,1.55995952913,3.21766319112
162,542,2.73509057888,3.0285323121,1.94244521733,8.31048729667,0.0366820526982,3.31726652835,0.00401167354371,0.416616543207,0.78689376894,1.42492912282,2.96773775936
163,543,2.76701428294,3.10503192704,1.98669119425,8.55466604861,0.106065201956,3.1919551912,0.0583366830529,0.457098054274,0.810662947859,1.40508236641,2.820804744
164,544,2.82542757863,3.13696169146,2.00238712845,8.57135845957,0.0427345856024,2.93640967724,0.0208803227379,0.380995231119,0.713713534018,1.27557784995,2.66771675515
165,545,2.83075786547,3.12646622697,2.00666610668,8.70533293307,0.0952916217479,2.81572090793,0.080910657863,0.410891267433,0.719870267583,1.24986825013,2.54944622538
166,546,2.86549311676,3.19895233833,2.0378000005,8.7396735602,0.0709021888404,2.66178536344,0.0311455599815,0.363541009493,0.653099809421,1.15780384672,2.36547514155
167,547,2.88609756716,3.19898523914,2.06581933125,8.89234886092,0.119814160602,2.48470363304,0.0710299215069,0.38186197117,0.657269653941,1.12043082998,2.27660681634
168,548,2.9078982016,3.23604181499,2.07439221409,9.01527456374,0.111691331451,2.35974146446,0.0810629883934,0.360521079857,0.61703555605,1.05744049515,2.10963018343
169,549,2.96394543876,3.26875864439,2.12356766808,9.078971539,0.0247693591333,2.10622431941,-0.00333324673003,0.263303062744,0.499765238306,0.908578733714,1.92645174494
170,550,2.97727152245,3.29190251269,2.11059566979,9.23764821371,0.0767853632568,1.99748790246,0.0490825387843,0.284067179244,0.515115096521,0.899672660272,1.84665565375
171,551,3.03010718671,3.35349543797,2.14563793536,9.34191522005,0.111993971459,1.92561481162,0.0743206477552,0.309309067924,0.524072178298,0.891053588973,1.77935576943
172,552,3.04304996828,3.34869776706,2.1700967243,9.32245770372,-0.0327067327379,1.67902175066,-0.0644376504754,0.155880845963,0.360239865852,0.691185594268,1.50360323582
173,553,3.10576418857,3.42543329511,2.22191990041,9.43806163397,-0.0626109767087,1.54555231983,-0.0717062696548,0.117667097837,0.304452642229,0.621134604371,1.39539089623
174,554,3.13479069734,3.4345321439,2.23497944466,9.59470990226,0.0329451735307,1.5207968395,0.00897553333473,0.196289135163,0.37012580773,0.666837633846,1.37946289385
175,555,3.16693375522,3.52957233876,2.27680711152,9.85480170183,0.121130871458,1.53717184709,0.0889112862941,0.280650073868,0.442490303288,0.720704866025,1.36670121028
176,556,3.18918925008,3.52728501208,2.27431684537,9.99517086247,0.109496076321,1.44229877726,0.077521350112,0.245320152961,0.394800326727,0.661448232054,1.27034823787
177,557,3.27388694978,3.62439493995,2.30857948106,10.0933663188,0.119928888037,1.34519783861,0.104609800913,0.256667940593,0.397666097995,0.648116961554,1.24621351956
178,558,3.28581877516,3.5870145644,2.34797593987,10.1911166625,0.111974486147,1.25832100745,0.0928115527012,0.233489916229,0.362398231801,0.594454667896,1.16555943814
179,559,3.30528198154,3.66110401781,2.38541017822,10.3067473894,0.0743690382868,1.12897578397,0.0438529866289,0.181910172852,0.309084309522,0.524221101506,1.06318029328
180,560,3.33296894092,3.68289390548,2.40039310564,10.3897543638,0.106243476391,1.12411640838,0.101749730685,0.213784248546,0.326183405016,0.533312379035,1.04010389265
181,561,3.39370796326,3.69337552176,2.44779263029,10.4431432059,0.0868514530325,1.00040393202,0.0423485459889,0.161991337073,0.271541389941,0.463613354752,0.901068999565
182,562,3.41152511985,3.80327318215,2.46457415184,10.6432814352,0.10099212227,0.963225838036,0.0661223448741,0.186725962651,0.284586576921,0.466191246404,0.895705652234
183,563,3.45814880371,3.82348545914,2.48786161122,10.7854059617,0.058474156775,0.903769387651,0.0385240578373,0.15097144851,0.247226222502,0.414592710937,0.804586985417
184,564,3.48066836663,3.90363803208,2.52696589919,10.8597714241,0.0737313182515,0.816919610248,0.0421968974801,0.136500813871,0.225768737874,0.381418071165,0.766868938307
185,565,3.60082421736,3.91683073925,2.53510268254,11.0167072807,0.188062067178,0.896842250517,0.16259377208,0.255211197962,0.335424672031,0.481909965826,0.852429435574
186,566,2.59677478175,3.94159309385,2.60594825457,9.8927105371,-1.15566489658,-0.484541693385,-1.16768310431,-1.08580369297,-1.00934195777,-0.876857949909,-0.54231565679
187,567,3.64719236506,3.95259377816,2.58468553767,11.1720601088,0.0404284739422,0.664021409848,0.0378625339631,0.110329629179,0.1846382434,0.308955338235,0.627717383552
188,568,3.63916328306,3.93983772214,2.63307619694,11.3113951364,-0.0198074259951,0.556519680334,-0.0226638707661,0.0352099349318,0.10485459934,0.221904117513,0.543289306835
189,569,3.67682886812,3.98196643194,2.61761667247,11.4317291031,0.0760443844503,0.636474153866,0.0795101804143,0.134496335981,0.199684341843,0.308627379421,0.58250276968
190,570,3.70252243839,4.08728839404,2.69432177485,11.6309766778,0.105418334121,0.615661929344,0.0958330495251,0.15404269772,0.21421822602,0.325001353715,0.576749175015
191,571,3.76163246528,4.14443519549,2.71047970888,11.7144888961,0.0264175905266,0.514750663306,0.027378837536,0.0665820844145,0.127631087949,0.228441542103,0.483723479578
192,572,3.76306836736,4.1412673128,2.71070712331,11.7848095439,0.0328905226603,0.476555585282,0.0372583088199,0.0691425350204,0.12357023325,0.218044537147,0.459389265118
193,573,3.7942468285,4.18441304326,2.70937661432,11.8461830918,0.0191468850816,0.44555331041,0.0107746193769,0.0502593085703,0.101444850613,0.190384581749,0.406647668291
194,574,3.84260723095,4.24937652935,2.75869053385,12.0321674643,0.0679193662447,0.4598740395,0.0718146198577,0.105849801397,0.1553017101,0.236316951724,0.459112989863
195,575,3.87856541125,4.25521021863,2.78240294172,12.1832067235,0.0333637705108,0.402181253784,0.0414278687199,0.0674689772364,0.111506749312,0.190613832043,0.405930498827
196,576,3.86885017297,4.27400809882,2.82513914085,12.3055469008,0.0555680303701,0.368500940142,0.0486137167475,0.0743455566725,0.119855910662,0.190675489429,0.394241818533
197,577,3.95523812836,4.30779982508,2.83913801914,12.4730190495,0.0508619959804,0.346834676689,0.0695904184336,0.0748448337386,0.114892929346,0.1857577006,0.353585047193
198,578,3.957693239,4.34333360725,2.86062449012,12.6105338253,0.0258863679485,0.307639943721,0.0303587075718,0.0416575087091,0.0809120359963,0.150673086607,0.342109628882
199,579,4.00979015964,4.35448701888,2.88737320397,12.7222604339,-0.0050351287686,0.275863281569,0.0280463376428,0.0216571233319,0.0587290995882,0.124965758259,0.297024376085
200,580,3.99138350542,4.3881887016,2.895425972,12.8641080062,0.0215052994428,0.278555440912,0.0587674827652,0.0435902332624,0.0816350585816,0.142282963311,0.295638895034
201,581,4.00669787522,4.44289711075,2.9009077879,12.8397917979,-0.104071112945,0.129230655808,-0.0409528543393,-0.0776638417301,-0.0372282809846,0.0174680133597,0.18484255599
202,582,4.04478401191,4.47741901186,2.96159224556,13.1030109898,0.0377267602478,0.269248750093,0.114484750785,0.072688799995,0.108541888397,0.164818962611,0.334736399445
203,583,4.10786699706,4.50956534101,2.98027263856,13.2725818405,0.0389979464193,0.250833908949,0.115779262494,0.070445855153,0.105943300624,0.160356527938,0.322158757491
204,584,4.07497057144,4.57964594128,2.95766888645,13.3686714359,-0.0800815253738,0.114249183351,0.0209743107553,-0.0362720210212,-0.00188620780168,0.0525008179455,0.199445815389
205,585,4.15959044744,4.62701298422,3.00899390029,13.6785739543,0.0348644370246,0.211929466353,0.145187401442,0.0612914408596,0.0996151766675,0.153533100378,0.295359142346
206,586,4.20813755621,4.69554323515,3.07750145714,13.8099335763,0.131946268206,0.303037737903,0.248060303533,0.147848672712,0.181169666159,0.237624637023,0.390268350493
207,587,4.21202772117,4.69869301399,3.08549991198,13.6909263084,-0.253890782106,-0.112946527373,-0.116754562413,-0.230338886678,-0.191144808447,-0.136517803508,0.00325567333652
208,588,4.2400688366,4.75063423406,3.1049641537,14.0124440756,-0.0174358107708,0.142414394175,0.162704110483,0.0178932561891,0.0565969948523,0.109904525698,0.265756692002
209,589,4.31318293776,4.78975876334,3.08607256867,14.1897400682,0.00599847181706,0.155565758223,0.183070445155,0.0257133625732,0.0701724769488,0.125332706608,0.267046932408
210,590,4.34268566326,4.80429451459,3.10781441999,14.3734529513,0.0450026657617,0.172380253518,0.229207660735,0.0618170195882,0.10309912825,0.160700844373,0.335084254521
211,591,4.31901396977,4.89156736063,3.18755237284,14.6524144769,0.117770538516,0.221830154202,0.331864108906,0.138854161555,0.181847956506,0.238173681909,0.388906219619
212,592,4.39740758345,4.86064666209,3.15733681097,14.7601389237,0.109419958771,0.207848042544,0.351930889236,0.136523460533,0.183018986381,0.244570598552,0.412825365734
213,593,4.43298366698,4.93377671303,3.17605490049,14.8239922203,0.0490335222848,0.157281009098,0.316734380588,0.0833084489932,0.125558181631,0.193187997522,0.384061583712
214,594,4.42792591047,4.97927134878,3.21337809944,15.0006157985,0.101937149337,0.201812572042,0.41624169662,0.142656632215,0.187538270789,0.258148173341,0.462375675757
215,595,4.49174286369,5.0017376086,3.23141908158,15.1219409072,0.0345376521638,0.117412645838,0.402737660061,0.074374408395,0.124518923123,0.199315453875,0.426006795825
216,596,4.48163606502,5.04779676803,3.24260634299,15.3225190073,0.0525921760073,0.146805421806,0.449258159582,0.0989105643781,0.155785762616,0.231411644243,0.466409418211
217,597,4.5229608536,5.1185989936,3.28721101405,15.4583227076,0.0708287144563,0.144141014385,0.543314755387,0.127645620385,0.186380242307,0.274025801408,0.526003352137
218,598,4.55075090082,5.15486463762,3.32564127813,15.6517155233,0.110095008652,0.172207774599,0.609462345895,0.15698680274,0.223385218948,0.316487957746,0.597703597061
219,599,4.55142259171,5.15844143055,3.37045469828,15.7475688844,0.0339906839004,0.127738152974,0.61156319793,0.112039248819,0.178937275135,0.28304261939,0.59892122559
220,600,4.58133009569,5.20084540568,3.33183798632,15.7598097553,-0.0274830996292,0.0185605492062,0.632866542136,0.0477538520337,0.129832406322,0.233372134309,0.575519057278
221,601,4.66123796161,5.21912581849,3.43260899146,16.0508422653,0.107874496481,0.17495188405,0.85106873624,0.192603900288,0.279807466319,0.399366808868,0.738324872895
222,602,4.71778534273,5.20662502041,3.3960639318,16.1583292866,0.049519902019,0.125062176857,0.838090517522,0.139931624382,0.229774479504,0.361989276772,0.763019228834
223,603,4.68587838724,5.32135269271,3.40660320074,16.3359903975,0.0511294581571,0.0985857819897,0.944090043601,0.151937292525,0.253285453588,0.39421817143,0.819095527395
224,604,4.76601499263,5.37672070558,3.46215263408,16.3677492373,0.00167989111537,0.0660597927462,1.02241722611,0.113163924823,0.229833457048,0.387292167691,0.861433930043
225,605,4.78810484246,5.35897723761,3.53197704751,16.6701683203,0.0721659585488,0.118426720981,1.20284064178,0.199586864634,0.320936102338,0.496109491941,1.03295206683
226,606,4.81601845906,5.41781721919,3.4992984617,16.741002303,0.0334174839772,0.0697981165762,1.29363455575,0.171547210714,0.309226561114,0.500209140817,1.0671058155
227,607,4.8286113634,5.48839892184,3.49178383347,17.0258282182,0.0871174663623,0.165000306586,1.4997764932,0.266291033902,0.418832001617,0.626123621621,1.24830288775
228,608,4.88163883548,5.47599696728,3.54106145287,16.902402882,0.0455208839095,0.100078121949,1.60702212883,0.242686671453,0.406962303652,0.640045351514,1.33184988087
229,609,4.96356259189,5.49274868887,3.58225098457,17.0846243138,-0.0221099472692,0.0376871131469,1.73139477879,0.188152132616,0.370389580881,0.628519177698,1.39319597967
230,610,4.94043261347,5.56750412716,3.55413755518,17.106600419,-0.162847561078,-0.150484636312,1.77421834903,0.0627131141707,0.264444973904,0.540889460602,1.40559196725
231,611,4.98030260991,5.58907116725,3.59708701995,17.5023995304,0.0524288413429,0.105199967283,2.26597242084,0.316855532659,0.551376913385,0.853228493543,1.80382096173
232,612,5.01264712986,5.63387732679,3.64433080327,17.597372954,0.0727623347274,0.110287031479,2.54800391452,0.355195788585,0.609563965378,0.947683399219,2.0011589104
233,613,5.05485012725,5.63528393854,3.66861758533,17.8415419803,0.0981791926467,0.151960884899,2.84973822556,0.436685935165,0.713778333824,1.08598901859,2.24485541288
234,614,5.08010040558,5.71928735763,3.69050287122,18.0221044056,0.0962560326926,0.124749009382,3.14396699715,0.439189845672,0.752835083157,1.16613889611,2.42283006167
235,615,5.12194709677,5.68549184489,3.72589678176,18.0797639717,0.0855954477688,0.120456743219,3.50137806476,0.484239996023,0.828484633705,1.28536595422,2.72772656909
236,616,5.17537713589,5.76572875413,3.71939095441,18.1239350697,0.0874086850721,0.150266556054,3.98833806214,0.549750168899,0.92886790599,1.44969946088,3.04797958923
237,617,5.25277601373,5.83266122912,3.76232884642,18.3921842211,0.078375169066,0.110818556332,4.47426678735,0.593718542917,1.01960822816,1.59706474062,3.38730603445
238,618,5.25156528768,5.8845591187,3.77803957691,18.5187857622,-0.0325000746308,0.0177017703429,4.85641087285,0.56464789963,1.04054604726,1.68064544886,3.68324228414
239,619,5.29923683715,5.84201306532,3.82479570495,18.6367654557,0.022654686776,0.0563194218502,5.50522192354,0.686728989273,1.2217675117,1.9481759306,4.18917033929
240,620,5.36133373218,5.87222379195,3.82346369453,18.7339411377,0.0321788464676,0.0486954934093,6.24689560028,0.757310232049,1.35223259645,2.16411248214,4.72389253732
241,621,5.36611380749,6.00057001311,3.85027056864,18.948048964,0.0412356638506,0.0678790751431,6.9750612537,0.85827096019,1.52320218226,2.4367293802,5.30832895379
242,622,5.41033649771,6.03348102075,3.90544666784,19.0542843622,-0.106395328223,-0.0628215277025,7.68270087479,0.819458528838,1.56763801756,2.58364963544,5.7654632143
243,623,5.46661859901,6.0639137755,3.92875387328,19.2449713156,-0.00871020210623,0.0168580740971,8.75816979661,1.01198833634,1.84899447205,2.98929930701,6.50033398708
244,624,5.51762623434,6.08738232293,3.93673366558,19.4034501391,0.038681647386,0.0301868745331,9.67441093752,1.17688918064,2.10717560099,3.37254128976,7.33623618317
245,625,5.549333689,6.11217759993,4.05506508393,19.6041779624,0.0760200190148,0.091213819241,10.6052440565,1.33153372297,2.35162639695,3.75252172262,8.11916744887
246,626,5.53711327754,6.10445778508,4.00828403566,19.790626394,0.118120148542,0.138587156236,11.7687955657,1.49077655875,2.61040000548,4.14165739212,8.88413381162
247,627,5.62152241664,6.21685679063,4.05711495277,20.0181036695,0.0554012214257,0.10362139642,12.826759012,1.57312012777,2.81276892761,4.47033755121,9.72504395425
248,628,5.65444203077,6.24132645209,4.09731453537,20.0642942708,0.061172446517,0.0526226016532,13.7552441301,1.68045202714,3.03764405915,4.85240532075,10.4510867531
249,629,5.63152142612,6.27833708766,4.07463900908,20.168787296,0.0407774245902,0.0633829720165,14.6146536142,1.78339451363,3.23766873181,5.20348736227,11.1916844823
250,630,5.69869087834,6.32778788464,4.11970275415,20.2373031233,-0.0821210943374,-0.0717155724817,15.1243572827,1.71987791344,3.24767766406,5.37720228364,11.7458412578
251,631,5.76851252252,6.37776209787,4.12279912841,20.6580736614,0.1134423129,0.13615495461,15.4617293236,1.91656057442,3.49370667612,5.72601489093,12.3876494107
252,632,5.780106373,6.40857905594,4.21413399064,20.7866530213,0.134753826432,0.161531027943,14.7687885922,1.88126293566,3.45509320602,5.72940875861,12.1789993198
253,633,5.77564439381,6.46377421235,4.15984780041,20.9162445454,0.0464261706671,0.0646075663996,13.317547656,1.63450259825,3.16672435249,5.41125715162,11.4847828944
254,634,5.83462559731,6.44920508982,4.21482049682,21.2045368165,0.0957616991316,0.0743638357661,11.6732237022,1.47407095194,2.85187804118,4.99312867886,10.4202154116
255,635,5.90831252074,6.49868026926,4.21987948704,21.2437305331,0.0590410122351,0.0828356573647,9.77630124921,1.23563068889,2.39536983888,4.30875393891,9.10549018492
256,636,5.89671149245,6.58956683476,4.27081924257,21.3734068042,0.03377740331,0.0590888359873,8.05945086893,0.973697067853,1.94720812369,3.58034719349,7.5709408587
257,637,5.9165286615,6.61893994467,4.31369311166,21.6707687202,0.00451834023153,0.0111444915812,6.34795357645,0.767537728581,1.56451689599,2.91443655883,6.13795996583
258,638,5.98504467884,6.63826950186,4.28526803911,21.7475805464,0.0295810216309,0.0677841736652,5.08823099999,0.660238324195,1.28997629066,2.39634492198,4.96273077328
259,639,6.01035354356,6.66258299958,4.3534403182,21.9521999906,0.133404846642,0.147167360404,4.30659940192,0.639375727661,1.15962821913,2.04687743594,4.12074416967
260,640,5.98961828345,6.77721969653,4.41119585004,22.0950919366,-0.0656432228772,-0.0295177350901,3.3945401222,0.341919780701,0.764570133479,1.47660184413,3.20006024337
261,641,6.06518735588,6.82781843096,4.36829484693,22.2230756478,0.0860122555595,0.109997473055,2.91812326166,0.429946709863,0.776711517365,1.35006117489,2.75503290964
262,642,6.15260792338,6.79128108814,4.4136705816,22.5752025846,0.097439931936,0.0959164801805,2.44487771637,0.367847395376,0.674085796118,1.13677284793,2.32326771938
263,643,6.1741163717,6.9311815571,4.45443200031,22.6470980809,0.114285926208,0.121115389856,2.13416993585,0.332308490175,0.587610395563,0.98207853385,1.97148002444
264,644,6.21139309416,6.96466898641,4.44199619223,22.7911669937,0.00395803660835,-0.0046593244152,1.74047532311,0.203609258509,0.408895899273,0.748564719228,1.64235646229
265,645,6.18430412337,6.97371276559,4.49928062273,23.0092960009,0.109199941043,0.116511311161,1.54672208041,0.261787049451,0.437679948495,0.721775379091,1.44311623285
266,646,6.25428562459,7.00730676121,4.53514304882,23.2129483124,0.07295082978,0.08417549475,1.26069578907,0.219117783239,0.367754007693,0.605353742336,1.23686903847
267,647,6.25496495465,7.05567063078,4.57349137744,23.2565884129,-0.0507892058052,-0.0246609034994,0.999839155042,0.0692224885484,0.19356845438,0.388595671223,0.932263376843
268,648,6.35095163853,7.09502210198,4.57357032479,23.6046422341,0.134247225933,0.137801763375,0.982925389546,0.234913075103,0.341417749839,0.512149123836,0.953739305651
269,649,6.29795806697,7.09199418829,4.57601835368,23.8069474368,0.0246378355925,0.0584575848843,0.743811834452,0.104356172821,0.188785530811,0.338007407282,0.718505898586
270,650,6.32513488399,7.14125353192,4.60082231895,23.9333381196,0.0608996463146,0.0726516186037,0.625278926394,0.12880825751,0.196717150872,0.319936741086,0.615653396117
271,651,6.44162461616,7.20911585065,4.68188061985,24.1846887703,-0.00232029214997,0.0222149410189,0.47015605061,0.070480978183,0.131770876629,0.22130041923,0.493067629956
272,652,6.4671733337,7.3189073256,4.71899419224,24.2768483625,-0.176386911935,-0.183413178328,0.197683751901,-0.146620395742,-0.088452100698,-0.0098203917498,0.198969525759
273,653,6.44248117898,7.31455028852,4.70084939731,24.5793091851,0.0444621623058,0.0385919138756,0.365660188216,0.0700047316572,0.116097518413,0.180327273384,0.379998275989
274,654,6.50913469964,7.34956588642,4.7340966551,24.785700835,0.158772289455,0.155167502766,0.404467268836,0.177849064784,0.213453200736,0.273554603204,0.436689400751
275,655,6.57063176562,7.39714782287,4.76168354686,24.923699131,0.0620689194524,0.0897784384823,0.299236412926,0.0850114830959,0.119651568115,0.164169277194,0.279457383946
276,656,6.50910896662,7.39709830015,4.82084534118,25.0228361381,-0.0244949203164,0.00251484329115,0.165886720801,0.00540064597874,0.0339929011502,0.0704118616285,0.191282140969
277,657,6.58754999581,7.34704527208,4.84042659748,25.2443205102,-0.0278596930884,-0.0174963171777,0.154905587659,0.00120373625104,0.0278121976797,0.0608816248974,0.15310356938
278,658,6.61704421176,7.51854241876,4.87340915799,25.7701739501,0.129378905583,0.124323498888,0.261658842091,0.132734733159,0.152026247467,0.182316959698,0.272881987223
279,659,6.71016976784,7.48598608967,4.88588937411,25.8509767111,0.123986581729,0.132622595412,0.243172376333,0.130805427092,0.147791460029,0.178762325084,0.28021050033
280,660,6.70208238222,7.5567163532,4.84340765801,25.9555722298,0.0653159056833,0.087309982523,0.183143923966,0.0799949112421,0.106279305349,0.120343797157,0.219039744442
281,661,6.60438778768,7.52116882135,4.93023735197,26.0746848493,0.0720969397509,0.0662364064802,0.177602874305,0.0893297456041,0.10242017701,0.129457452371,0.188388309739
282,662,6.73611117687,7.60690436168,4.88861761285,26.4664939054,0.00478286748823,0.0247558060487,0.0976273359961,0.0113514106944,0.0211205504236,0.0406374228925,0.114088764156
283,663,6.76523238273,7.70308535651,5.03067769959,26.552258662,0.0270139737481,0.0586756347899,0.146400687978,0.0659049700648,0.073428367456,0.0960548657161,0.158845801679
284,664,6.73946020795,7.68441693464,5.01703790075,26.8222514387,0.142848236985,0.164201258886,0.175441233182,0.131955047611,0.146064582538,0.151701436651,0.216993802957
285,665,6.80350247238,7.74592646568,5.05277597797,26.8691643716,-0.00396428367912,0.0164517938585,0.029706032489,0.0129068179063,0.0108351493695,0.0252025381303,0.0789908217508
286,666,6.95665715501,7.862568629,5.10214272872,27.2497192963,0.19820823374,0.206196237314,0.261620238065,0.211183596252,0.209770153166,0.224636785413,0.263365363237
287,667,6.89691831981,7.89994905541,5.05674684984,27.4365205853,0.00163001719854,0.0174023872304,0.042870168771,0.00853853319808,0.0165860539154,0.0213233342789,0.04514849096
288,668,6.96418575957,7.88718531715,5.09484072048,27.5790546963,0.0769307241715,0.0990530247,0.115340023856,0.0956202580719,0.100339728245,0.106897102881,0.152798651834
289,669,6.91329354053,7.99732488147,5.14857050169,27.6685677443,-0.0979445465424,-0.0826412636142,-0.0575640795812,-0.0967513450509,-0.089892226048,-0.0843463238478,-0.0559511502794
290,670,6.96104910972,8.00864769525,5.19646441588,28.0173819784,0.0951686967446,0.134316834833,0.100207154266,0.0977510284876,0.0989185617228,0.110288174072,0.113465648392
291,671,6.99519380506,8.02750480898,5.12407107743,28.1455148191,0.0581402962115,0.0309300603132,0.0500517469931,0.0388382492259,0.0412536430302,0.0528481479225,0.0672903180934
292,672,7.12048577441,8.00199222821,5.22327220369,28.1317151691,-0.0636970344662,-0.0282820000414,0.0183872767854,-0.0273905639308,-0.0210643896828,-0.0168089377719,0.0345077501925
293,673,7.0506619097,8.04022601819,5.22171334791,28.525241547,-0.0219609989195,0.00597210629447,-0.0131307909486,-0.0228062810692,-0.0245229661757,-0.0164040071,0.00229139794025
294,674,7.09347245957,8.09363481232,5.23419523308,28.6250412238,-0.070670364036,-0.0376486572966,-0.0581976702472,-0.0652642700729,-0.0595280767327,-0.0532446601795,-0.0445353714596
295,675,7.20494379622,8.17281987591,5.36465535483,29.0108994617,0.208190492566,0.196914734635,0.220648610177,0.198735748173,0.203933333,0.203953452628,0.228579055629
296,676,7.23905278656,8.14849970593,5.32675431126,29.1111909654,0.160991468799,0.180707108455,0.17662267403,0.173289598378,0.17178155699,0.182746972642,0.177127778483
297,677,7.27899699063,8.2300360763,5.39133550143,29.212370946,-0.0406352029027,-0.0599291915645,-0.0677577220475,-0.0696889273658,-0.0595104079991,-0.0588264463155,-0.0241932223177
298,678,7.2548067738,8.34190661328,5.36434237168,29.5257437961,0.143419054591,0.175320787114,0.166064237734,0.142751648718,0.144963862817,0.159283123907,0.164943355309
299,679,7.29281004245,8.27251439131,5.38859531978,29.7607461465,0.203054333287,0.197461555976,0.220951114931,0.185830832517,0.200187329042,0.200801810493,0.202203967417
300,680,7.37098050236,8.43176190928,5.46760504062,29.8756825155,0.0916386297641,0.0607553930225,0.0880405446621,0.0671259207204,0.0729219499889,0.0781317470991,0.105377391632
301,681,7.27682204374,8.31521800068,5.44177414861,29.889941287,0.0513305771831,0.02514945395,0.0408959963013,0.0372615039269,0.0408512447399,0.0426300555428,0.0797689502086
302,682,7.42280592897,8.51128541052,5.49216832625,30.3796993912,0.148703743197,0.136669189536,0.112672372383,0.136931356154,0.137874631807,0.142490712067,0.158710880156
303,683,7.46966047028,8.3938315265,5.54417520367,30.5431846547,0.0547145099407,0.0745464794804,0.0332442588206,0.0427928259955,0.038750658423,0.0416658548562,0.0666991969308
304,684,7.49962556956,8.47444646891,5.6347665022,30.5633194549,0.0965379189221,0.0905430743422,0.101281003513,0.100118118294,0.0957030928592,0.101602134355,0.099523256939
305,685,7.45374201884,8.43977436879,5.51623841366,30.7052417654,0.114915517915,0.119100704605,0.116117629672,0.111659088611,0.111514278115,0.117604459561,0.133828538874
306,686,7.46624263216,8.54301121402,5.55324238824,30.7333143865,-0.0471479478153,-0.089926964617,-0.0753955939608,-0.0831924667217,-0.0771003394057,-0.081566274536,-0.0700926938551
307,687,7.58711378043,8.55666483442,5.65744746655,30.9547929089,-0.124439305256,-0.109573003241,-0.110538845076,-0.11362638104,-0.115206178501,-0.108307259934,-0.0964347567362
308,688,7.50921731031,8.62556622709,5.64423587544,31.2527156487,0.124505785381,0.157683898341,0.128549864234,0.125684318983,0.127890034537,0.131472878359,0.147929414847
309,689,7.52159331484,8.74765896646,5.66689451863,31.5551476166,0.196003852218,0.198281659471,0.214090820734,0.18669283046,0.188597707582,0.189838004675,0.219350063296
310,690,7.68746125463,8.7290382305,5.70063427828,31.7296534415,0.20423746544,0.225153808416,0.223395821086,0.213269690331,0.216543986635,0.222829315045,0.213844984826
311,691,7.69973187858,8.80044052295,5.78502964568,31.9603598403,0.161348063872,0.185139938101,0.185824521108,0.163010796909,0.163561390892,0.161302564955,0.212183155987
312,692,7.70759903648,8.80576656411,5.81390528493,31.8512274961,0.111244415338,0.0990113777945,0.102124709625,0.0961546923113,0.0995964740475,0.103416056578,0.120032079357
313,693,7.74338015464,8.80814858202,5.82228805049,32.0837477644,-0.000521507957687,0.0111283821291,0.00632887828444,0.00440253390474,0.00155311138926,0.0125758801334,0.0213277328705
314,694,7.77258669056,8.90662708022,5.79418507947,32.2745401399,0.043378558353,0.0694322303411,0.0458487423729,0.0548078076812,0.05413190569,0.057655546937,0.0769051637846
315,695,7.79481531196,8.89454920991,5.85765146711,32.5413062188,0.207284029054,0.170827123536,0.151523000285,0.154345111641,0.158011516213,0.161341431639,0.201105924489
316,696,7.85998736772,8.88543996418,5.94376154013,32.4787686709,0.051680298686,0.0630186201152,0.0606895269515,0.0496319621405,0.0534226886552,0.0644631889954,0.044392404377
317,697,7.83781330536,9.02438276881,6.04943333339,32.6791708076,0.11338078706,0.12744177077,0.0923673783028,0.11685305692,0.120603816432,0.129528582823,0.166931889611
318,698,7.86164562786,8.96370058288,6.05876710997,33.112785822,0.126666307441,0.127426361007,0.127334500557,0.115398527329,0.122589750548,0.129859261844,0.168518087479
319,699,7.8921884416,9.11031882887,6.04710178346,32.9512110101,0.0703215670428,0.11142307288,0.0788105154788,0.0964970187795,0.0948863080857,0.0863309220425,0.102019624096
320,700,7.98301517648,8.95342017573,6.13509286814,33.1013727185,0.237486669548,0.240414087584,0.223744167689,0.2263500069,0.242273809428,0.242735590118,0.226270247658
321,701,7.92533622459,9.10140618342,6.14001776311,33.1237986512,0.121124795815,0.138326254996,0.155304305582,0.11783610549,0.129127961556,0.127516711775,0.120620432889
322,702,8.01958296973,9.17092500928,6.20812792719,33.2636119353,0.207608008498,0.225877332054,0.240695845639,0.226748712859,0.223309733212,0.226625516308,0.249097397289
323,703,8.01639530688,9.06522394136,6.24422054025,33.520044246,0.0093320902866,0.0411420399189,0.0245647765773,0.0269292098864,0.0358584819262,0.0361294488174,0.054497350945
324,704,8.03434491144,9.21460210157,6.24043595283,33.9454900738,0.194003328019,0.200241759802,0.213836251635,0.21302707352,0.206386675628,0.213735618103,0.227579359586
325,705,7.97351644618,9.24864204312,6.33142830638,33.6934198188,0.10273420883,0.0995319039787,0.0638997113422,0.0705822531238,0.0730523547083,0.0767713638814,0.0668099309154
326,706,8.07191800936,9.2460861703,6.3754610633,33.9357581459,0.0369212002137,0.00557946964337,0.0102375534536,0.0342539772478,0.0344269457771,0.0332914267281,0.0340537104369
327,707,8.15378362581,9.21821482774,6.45693590407,33.8584261243,-0.229194861697,-0.238363165243,-0.224627618519,-0.240350089877,-0.243864640111,-0.231322207137,-0.215040580488
328,708,8.18890651057,9.38000026203,6.5467989904,34.1665337396,-0.0146279035336,0.0330284810034,0.0158398318025,0.00749564006267,0.0132073491486,0.0118760702676,0.032625787112
329,709,8.18244780314,9.46616926032,6.57297528147,34.3149412967,0.0594362874079,0.0749262984848,0.047553771782,0.0471302044836,0.0481774140865,0.0523662093174,0.079844486804
330,710,8.19047349824,9.35325507388,6.60007092454,34.1948951511,0.0894058249575,0.0901836084979,0.0872649788784,0.0831334048698,0.0895232716448,0.0803771853662,0.112836990646
331,711,8.20555391801,9.41910478493,6.56663729793,34.6845457561,0.166159197825,0.21336937122,0.154756074168,0.148565575418,0.146503765358,0.152416989227,0.180136899249
332,712,8.18668737198,9.44887468226,6.62912592972,34.6372032347,0.0901544212862,0.0502655455306,0.058955932397,0.0670190325217,0.0609099316601,0.0735661627367,0.0771005962982
333,713,8.20343117151,9.35568148876,6.69365764756,34.3888362358,-0.245050093566,-0.244747202649,-0.233233022772,-0.250843723055,-0.245755817266,-0.24383981202,-0.223267834664
334,714,8.26693411644,9.46384487244,6.79395397583,34.7342056998,0.000747045648824,0.05401896838,0.0722645810295,0.0262616070656,0.0259097089826,0.0283414717584,0.0411108568612
335,715,8.28129299728,9.43262312814,6.73581322301,34.6534107205,-0.075791580041,-0.102276547274,-0.061452387149,-0.0846579038452,-0.0854371377826,-0.0839062558322,-0.0490247503542
336,716,8.3533219739,9.60093189844,6.8455859016,34.9813400619,-0.0363716711501,-0.0245158436436,-0.0465355234557,-0.0459678502908,-0.0491031027433,-0.0517896854359,-0.0203929843817
337,717,8.35347785879,9.53679366244,6.90867132042,34.996826166,-0.0351039870705,0.0108490833013,0.0061064122228,0.00372618212371,-0.000141403824376,0.00699549190828,-0.0127303774256
338,718,8.239181502,9.68961268317,7.01741753767,35.1153786143,-0.0221884564218,-0.000793868053133,-0.0212356418038,-0.035468375669,-0.0394818247419,-0.0331507793722,-0.0105374848693
339,719,8.27060327843,9.6379346825,7.15444208472,35.4732582209,0.136605345382,0.083664899497,0.0644128124461,0.107446251923,0.111545647042,0.109564361714,0.107864708441
340,720,8.31827813277,9.51912552878,7.04587072107,35.5726042517,0.0181070015709,0.0635155522056,0.0659945957935,0.0479883947865,0.0479266429173,0.0575081205073,0.0253708810091
341,721,8.34063220313,9.59447714012,7.21441452325,35.6177558005,0.266391155058,0.27678069313,0.28972511682,0.254705934382,0.254746241351,0.247927211827,0.220078705452
342,722,8.40258204365,9.66902358935,7.23054594153,35.4725057651,0.074993640178,0.0795296078298,0.0693136765522,0.0709274065666,0.0774397172616,0.0735178367406,0.0950278731867
343,723,8.29584016864,9.68482703828,7.30583051868,35.5436562136,-0.00698672926157,-0.00356277462179,0.00346320604207,-0.004022427544,-0.00524380612847,-0.00365615712634,0.00882720433875
344,724,8.28335760161,9.72212683688,7.24924188443,35.7257697507,0.0435456012279,0.0770558629579,0.10110004528,0.0837191184136,0.0696353972809,0.0655235118931,0.0804951805812
345,725,8.53201098029,9.7926330815,7.38748732214,36.0934495107,0.170860265638,0.196503984868,0.214376126099,0.189893262279,0.189258519738,0.194486334854,0.225340930006
346,726,8.41679614814,9.75625745549,7.47658974041,36.0335351743,0.266067872292,0.261278416327,0.263305315934,0.263007724435,0.260486205134,0.263519715462,0.268455181276
347,727,8.50266346153,9.81038114216,7.53163836904,36.096580011,0.0442714978765,0.0104049682699,0.00365932755576,0.0273299386772,0.0251347644418,0.0228542814175,0.0215540088659
348,728,8.41892507824,9.8434923194,7.59970480969,36.1701880807,0.226606415921,0.215348137445,0.235067510327,0.233509668987,0.231206931603,0.22589052909,0.249642846579
349,729,8.45883001289,9.81784966072,7.58186946045,35.9986720028,-0.0893342072179,-0.104311969051,-0.103244185079,-0.0852469271991,-0.0836768302397,-0.0900592403704,-0.114856894348
350,730,8.41785037163,9.86515756883,7.52266350676,36.4437056602,0.151251877164,0.192655010218,0.193467767819,0.169386788508,0.169545853593,0.162638888059,0.178139286574
351,731,8.42977619589,9.79263767943,7.77734343373,36.3406471156,-0.0790187952955,-0.0482703959887,-0.0894654819311,-0.0633191398716,-0.0668119643134,-0.0620439334891,-0.0609767170383
352,732,8.34840743738,9.88098404106,7.81336737308,36.6615706001,0.166199568231,0.145589698902,0.117389877044,0.128621874897,0.133087731395,0.13949983027,0.149953536806
353,733,8.19781824178,10.0365179784,7.85921736594,36.8156967574,0.177420143493,0.176670156349,0.202302263276,0.194544059626,0.198649751767,0.19800343682,0.198755617771
354,734,8.47032829841,9.95397003856,7.88085410709,36.5468373848,-0.00146956522781,0.064005181885,0.0144167667797,0.022617860204,0.0318248764063,0.0253952642548,0.0550782833034
355,735,8.43987848337,9.92729701331,7.8753198443,36.7022399492,-0.106068548417,-0.083545612678,-0.105102603061,-0.0831686695812,-0.0913847233878,-0.0907444259242,-0.0428299368625
356,736,8.4007551663,9.99198810594,8.01920613467,37.0050627447,0.162162047105,0.135277940162,0.158279779822,0.139919520759,0.140578292143,0.148476223124,0.167793419947
357,737,8.28746405173,9.9349748782,8.01511537434,36.9669647031,0.0966861675517,0.084900378877,0.0912913545666,0.0748873422368,0.0767100372781,0.0759858598357,0.0895635886462
358,738,8.35836219988,9.89431501901,8.13927745892,37.1637031904,0.181830630128,0.153491434797,0.198036492724,0.185397752781,0.182568861508,0.184909781516,0.181448047695
359,739,8.43774302547,9.89323647389,8.22190615401,37.183109926,0.0918605849948,0.139948904132,0.114064977344,0.121223640167,0.120945906526,0.108109642689,0.124117319111
360,740,8.37154167217,10.0583070659,8.20918372368,37.485694517,0.206182068545,0.268457899432,0.248241748911,0.22790488848,0.222798969441,0.224419589802,0.269279557821
361,741,8.44676862521,10.1010024025,8.18439571863,37.2849765808,-0.165629627903,-0.158227963456,-0.148701355561,-0.147956475092,-0.153753169367,-0.152052136301,-0.0982925491353
362,742,8.46985812646,10.0000674483,8.30307947835,37.7214364234,0.248984826722,0.291689127768,0.301783729592,0.287521845647,0.285546724009,0.291544069987,0.273076833508
363,743,8.38672787947,10.1288123069,8.34968463223,37.6502029769,0.12507124667,0.150299863722,0.126128841029,0.141041500726,0.140997994855,0.134418215429,0.165701672509
364,744,8.47832456786,10.2022398801,8.48357574281,37.8955593969,0.108649325096,0.154127888489,0.0963684425537,0.127607744813,0.128807745165,0.135432373247,0.187429355829
365,745,8.35794399307,10.0840865697,8.53920884767,38.1984697919,0.113487610047,0.104054777382,0.108339467355,0.103682223926,0.112663139606,0.109599127071,0.114950030606
366,746,8.37020440585,10.1092433861,8.58812273021,38.2001041383,0.263422902326,0.284002010306,0.301053076128,0.269132216617,0.264878954969,0.276271482975,0.292870767366
367,747,8.544286006,10.1728353391,8.68131301452,38.3790600187,0.178545894179,0.161714123437,0.215783309912,0.18740945459,0.179122391369,0.177152763121,0.196143565382
368,748,8.49416819238,10.2379321135,8.68774171262,38.2754619571,-0.0400238307007,0.0041985129166,-0.0224437576252,0.00670741213748,-0.00529110842063,-0.0025756463835,0.0218049803604
369,749,8.6210506555,10.369334572,8.72121456583,38.7165747842,0.169082509386,0.176994513177,0.146854681579,0.17826455438,0.182470648326,0.171243034001,0.202893602579
370,750,8.56517719964,10.2580272221,8.72698228959,38.4332052299,-0.0312427317766,0.0201152163386,-0.0247916078612,-0.0124162241154,-0.0121309901923,-0.0197473715082,0.0200574398238
371,751,8.54861177933,10.2796004201,8.85239291724,38.7279215825,0.061099301761,0.122277220375,0.0534605268988,0.10327952102,0.100677358971,0.095482117104,0.131787511713
372,752,8.46437833018,10.296557696,8.80067800266,38.7586394588,0.221200347319,0.19252968905,0.216197734636,0.228647504067,0.213626275826,0.226895024592,0.215270493989
373,753,8.55643151563,10.2615176851,8.77031276158,39.0565234205,0.193316549424,0.208863535039,0.224540940681,0.218028667807,0.219792964968,0.22606189435,0.210109396512
374,754,8.44791368076,10.2956994287,8.87616360198,38.7545244212,-0.0156756417116,-0.0359155822976,-0.00159152879507,-0.0513384512182,-0.0432869570076,-0.0502393386456,-0.0131086192279
375,755,8.49067986873,10.2645849939,8.87349250414,39.2857816785,0.181614331659,0.219893559017,0.193208076617,0.205578373259,0.210887437047,0.206999351866,0.216169663556
376,756,8.63723619636,10.2332090758,8.92471053748,38.9372901275,-0.0273650858572,0.00322555447362,-0.0570615232989,-0.0439685782052,-0.043947339664,-0.0472552106358,-0.0522291258024
377,757,8.46776694863,10.2785216114,9.14430858721,39.1389759834,0.127572223828,0.113290439603,0.0914476793216,0.095819212617,0.105725553354,0.0920371849245,0.111578315416
378,758,8.57076630134,10.2755584898,9.07441721872,39.0941516182,-0.0864799806824,-0.0504872361346,-0.0962693830218,-0.0749678034869,-0.0650300297665,-0.0652204568735,-0.044171326365
379,759,8.55691748322,10.1907250055,9.02400222373,39.4887780219,0.114379292811,0.180028996391,0.162130189268,0.162279310963,0.150358300125,0.150380214295,0.166586861665
380,760,8.51021337323,10.3014029852,9.01690579443,39.5155166635,-0.0409896200848,0.0301905766964,-0.00663502151998,-0.0199311787985,-0.0211641623183,-0.0191180305413,0.0130554369508
381,761,8.66304844855,10.3352539152,9.20750190945,39.7703585164,0.231369544591,0.263116117075,0.260361199012,0.249639372656,0.250322317444,0.24435753166,0.225593091778
382,762,8.72685854734,10.4661118082,9.18749211315,39.6858085372,0.0407878964178,0.0163821448123,0.0280825080178,0.0186360078781,0.0230993393367,0.01688810056,0.0290795854245
383,763,8.58293057632,10.4134360359,9.14050483318,39.9732915044,0.0600687332692,0.0912302410178,0.0682375646317,0.0581330194286,0.0634926448723,0.0603276265128,0.0694463930343
384,764,8.6471576384,10.4246522008,9.29765120385,39.8583236268,0.15192652898,0.0933613460651,0.137068586805,0.103501655006,0.103972602147,0.0852125271208,0.0540066145318
385,765,8.76956452226,10.4433046561,9.28411371286,39.7412388116,0.0103738646722,-0.0166599248624,-0.0430054849647,-0.00763904166203,-0.0162453909017,-0.014037288785,-0.0453046657695
386,766,8.73383337702,10.5134580282,9.35876074771,40.087593679,0.0904934202683,0.116805254622,0.149007727426,0.122213886953,0.10813619682,0.120827577268,0.104137142603
387,767,8.92968761114,10.6391152734,9.40536104972,39.8686739102,-0.356057254079,-0.286764834981,-0.331570148527,-0.33023238531,-0.325246151073,-0.320420575633,-0.344504807206
388,768,8.84064828079,10.7563334021,9.61222639959,40.3102327928,0.169245477984,0.17338658573,0.165520195646,0.195727150173,0.197197340792,0.190084652194,0.173060993611
389,769,8.71355476227,10.5358096689,9.42924523227,40.612566233,0.362485726585,0.320239221083,0.284805514713,0.335219141422,0.320126555214,0.329542182195,0.375999248251
390,770,8.6597266013,10.494314315,9.38702670122,40.6461701259,0.112283693113,0.131547206237,0.199610770425,0.159984971847,0.161028956356,0.14864871181,0.191173987193
391,771,8.66250331401,10.6180079978,9.37418148832,40.4564063463,0.197534304401,0.263357325395,0.177826784093,0.220364313402,0.223936930285,0.225297502345,0.272947562068
392,772,8.90038202843,10.4968273707,9.45481762689,40.7952891272,0.271847258585,0.340373723488,0.245163266014,0.299918036038,0.297111295161,0.284227654039,0.272918848853
393,773,8.78104312753,10.6845215048,9.56305862874,40.3794295316,-0.216722670901,-0.178089486423,-0.256317377935,-0.222621670988,-0.213248861111,-0.225504813301,-0.180991539271
394,774,8.82890361918,10.6482471187,9.71816084838,41.0192837039,0.312724117704,0.362561559203,0.312433670081,0.313434673855,0.312472333503,0.32241503318,0.35318325132
395,775,8.65577498392,10.8026937789,9.50287395184,40.9580243596,0.0988342028902,0.200638179574,0.144345323174,0.156205491595,0.151290283742,0.153026112966,0.161150907291
396,776,8.98522722197,10.8268307429,9.718674246,40.6886667995,-0.398049295634,-0.343643827456,-0.404551877352,-0.407719416953,-0.40702754129,-0.409456057514,-0.445409493268
397,777,8.75501010041,10.6417378712,9.63276934582,41.2709049146,0.341895059366,0.322687666173,0.33882154478,0.350704047887,0.340177057477,0.341374144984,0.406501734532
398,778,8.79933868228,10.7152963599,9.5868138191,40.9636653261,-0.328790576797,-0.306213043569,-0.309422815086,-0.343515867696,-0.345677992508,-0.351068266502,-0.265791200399
399,779,8.64020637404,10.7277515409,9.54662797869,41.5728990281,0.222054457562,0.252679589432,0.229483510814,0.231983149427,0.227095332597,0.235980280719,0.291005615557
