,wl,The new S language,Combinatorial ALgorithms,Compilers (dragon),Compilers (blue book),Computer Organization (red book),Topology (green book),Data and Computer Communications (yellow book)
0,380,0.074541,0.031178,0.13405,0.27587,0.076024,0.069286,0.11812
1,381,0.0774670167908,0.0317776503018,0.129246572754,0.279054743676,0.0748287560568,0.0696615513863,0.116672581912
2,382,0.080602489384,0.0325003039773,0.124582578125,0.282388929052,0.0735793997084,0.0700744421352,0.115171797772
3,383,0.0842248367715,0.0335842271839,0.120415593262,0.286051924564,0.0721434787528,0.0706336862968,0.11355567862
4,384,0.088587,0.035267,0.11712,0.29018,0.070393,0.07145,0.11179
5,385,0.0937994719957,0.0375511868786,0.11462441687,0.294860144142,0.068355502609,0.0724923237386,0.109847909284
6,386,0.0999404760205,0.0404232414773,0.112843417969,0.300137808575,0.0660724101936,0.0737222928753,0.107727406736
7,387,0.106949201368,0.0436381913175,0.111277338501,0.305889186071,0.0637700200692,0.0749352960795,0.105528761998
8,388,0.11474,0.04695,0.10944,0.31196,0.061676,0.075931,0.10337
9,389,0.123321077393,0.0503372271729,0.10726674292,0.318353635254,0.0598252178955,0.0766883796387,0.101262781982
10,390,0.132684015625,0.0537915976563,0.1047305,0.32506265625,0.0582395429687,0.0772030546875,0.0992225390625
11,391,0.142887963623,0.0575640975342,0.102387389893,0.331791228027,0.0568478812256,0.0775957053223,0.0975149729004
12,392,0.15397,0.061901,0.10079,0.33826,0.05557,0.077997,0.096386
13,393,0.165885425903,0.0667843223877,0.0999323280029,0.34445026001,0.0544079517822,0.0784012697754,0.0958531932373
14,394,0.178567230469,0.0721742617188,0.0997692226563,0.350376523437,0.0533598320312,0.0788007421875,0.0959014804687
15,395,0.191642540405,0.0777721400146,0.0996493873291,0.356269227295,0.0525556365967,0.079203604248,0.0962376636963
16,396,0.20474,0.083274,0.098923,0.36238,0.052111,0.079612,0.096554
17,397,0.217772432861,0.0886478914795,0.0975685317383,0.368734147949,0.052021798584,0.0800352075195,0.0968292023926
18,398,0.230673710937,0.0938772460938,0.095609890625,0.375356953125,0.05226625,0.080478640625,0.097052046875
19,399,0.243601156006,0.0990663189697,0.0935248452148,0.382351486816,0.0524823654785,0.0808746538086,0.0972006862793
20,400,0.25672,0.10433,0.091811,0.38981,0.052317,0.081158,0.09727
21,401,0.269946452637,0.109630886841,0.0904669415283,0.397764929199,0.0517484519043,0.0813261300049,0.0972333746338
22,402,0.283184296875,0.114928292969,0.0894707382813,0.406233984375,0.050785765625,0.0813825195312,0.0970761835937
23,403,0.296301115723,0.12022658728,0.0886876195068,0.415217365723,0.0497237844238,0.0814133255615,0.0968985545654
24,404,0.30915,0.12552,0.087962,0.4247,0.048871,0.081505,0.096803
25,405,0.321660098877,0.130780556396,0.0873165593262,0.434655152588,0.0482232824707,0.0816598397217,0.09677953479
26,406,0.333755976562,0.135970789063,0.086771484375,0.445040507812,0.047763640625,0.0818743476563,0.0968105195313
27,407,0.345196116943,0.140943354736,0.0862039152832,0.455835301514,0.0474744772949,0.0820944927979,0.0969186707764
28,408,0.35575,0.14555,0.085504,0.467,0.047319,0.082263,0.097113
29,409,0.365388739014,0.149782480469,0.0846523355713,0.478475931396,0.0473036229248,0.0823817896729,0.0974000128174
30,410,0.374112382812,0.15364578125,0.0836443554687,0.490189414063,0.0474233164062,0.0824547226562,0.0977778085938
31,411,0.381790855713,0.156986054687,0.0827641619873,0.501816807861,0.047493026001,0.0824783553467,0.0979635491943
32,412,0.38834,0.15968,0.082288,0.51304,0.047332,0.082453,0.09769
33,413,0.393804686279,0.161755579834,0.0822240556641,0.523792906494,0.0469270822754,0.0823801484375,0.0969505174561
34,414,0.398276523438,0.163276679687,0.08255628125,0.534033945312,0.0462815078125,0.0822644921875,0.0957691054688
35,415,0.402258551025,0.164613380127,0.0829587294922,0.54380211792,0.0454818874512,0.0821355224609,0.09449262854
36,416,0.40627,0.16615,0.083102,0.55316,0.044628,0.082024,0.093477
37,417,0.410379038086,0.167924549561,0.0829705820312,0.562056939697,0.0437207340088,0.081932189209,0.0927358660889
38,418,0.414626953125,0.169955664063,0.0825681875,0.570451054688,0.0427636445313,0.081860609375,0.0922638007813
39,419,0.419362299805,0.172523892822,0.0820985664062,0.578543114014,0.0418537528076,0.0818461135254,0.0920232340088
40,420,0.42487,0.17586,0.081774,0.58652,0.041081,0.08192,0.091953
41,421,0.431209189453,0.179998549805,0.0815910318604,0.594396268311,0.0404673529053,0.0820866392822,0.0920724400635
42,422,0.438374921875,0.18492265625,0.0815383476562,0.602166992187,0.0400248476563,0.0823446054687,0.0923893945312
43,423,0.445515253906,0.189935141602,0.0814915584717,0.609362496338,0.0396278546143,0.0825947957764,0.0926708436279
44,424,0.45178,0.19434,0.081324,0.61553,0.039151,0.08274,0.092694
45,425,0.457145734863,0.1981134729,0.0810420001221,0.620671657715,0.0385941837158,0.0827746096191,0.0924339238281
46,426,0.4616525,0.201283789062,0.0806594492187,0.6248353125,0.0379655039062,0.0827008828125,0.0918866015625
47,427,0.465702858887,0.204135985107,0.0802641888428,0.628519475098,0.037413918335,0.0826070944824,0.0913440029297
48,428,0.46975,0.207,0.079948,0.63224,0.037087,0.082584,0.091098
49,429,0.473797813721,0.209876405029,0.0797128530273,0.636036931152,0.036982833252,0.0826322106934,0.0911608624268
50,430,0.477855273437,0.212775351562,0.07955690625,0.63992890625,0.037087515625,0.0827478515625,0.0915266210937
51,431,0.482260423584,0.216035201416,0.0794863461914,0.643849885254,0.0372919655762,0.082891380127,0.091898293335
52,432,0.48732,0.21997,0.079501,0.64771,0.03748,0.08302,0.09198
53,433,0.49306553833,0.224604940186,0.0796051911621,0.651538891602,0.0376455323486,0.0831355865479,0.0917665753174
54,434,0.499481132812,0.229922304688,0.0797987265625,0.655354296875,0.0377853242187,0.0832406914062,0.0912728632813
55,435,0.506284212646,0.2356915979,0.0800169230957,0.659139458008,0.0378680941162,0.0833344998779,0.0908095794678
56,436,0.51316,0.24165,0.080196,0.66287,0.03787,0.083418,0.090688
57,437,0.52006394043,0.247758430176,0.0803256572266,0.666533817139,0.0377848280029,0.083489428833,0.0909155454102
58,438,0.526946328125,0.25396921875,0.0803996875,0.670114257813,0.0376139960938,0.0835482617188,0.0914791640625
59,439,0.533587006836,0.260034831543,0.0804810615234,0.673499136963,0.0374055699463,0.0836074398193,0.0921272797852
60,440,0.53978,0.26572,0.080632,0.67658,0.037212,0.08368,0.092602
61,441,0.545458085937,0.270959158936,0.0808520810547,0.679342037354,0.0370354320068,0.0837673668213,0.0929048720703
62,442,0.550577109375,0.275710351563,0.0811366875,0.681780820312,0.0368769882813,0.0838702070312,0.0930511171875
63,443,0.555187880859,0.28003916626,0.0813811533203,0.683939549561,0.0367986290283,0.0839828074951,0.0931590175781
64,444,0.55936,0.28403,0.081484,0.68587,0.036855,0.084099,0.093357
65,445,0.563076142578,0.287664135742,0.0814468037109,0.68757546875,0.0370502595215,0.0842212670898,0.0936357208252
66,446,0.566328359375,0.29093109375,0.081281125,0.689062890625,0.0373793046875,0.0843524921875,0.0939828867187
67,447,0.569173183594,0.293874438477,0.0810864384766,0.690363642578,0.0377326066895,0.0844884194336,0.0944555228271
68,448,0.57167,0.29654,0.080967,0.69151,0.037999,0.084626,0.095099
69,449,0.57384019043,0.298946107178,0.0809248491211,0.692516618652,0.0381726829834,0.0847683833008,0.095920897583
70,450,0.575705078125,0.301111210937,0.080957453125,0.6933971875,0.0382545742188,0.0849201484375,0.0969179726563
71,451,0.577262084961,0.303037950439,0.081102637207,0.69418748291,0.0382691856689,0.0850984555664,0.0978938880615
72,452,0.57851,0.30473,0.081388,0.69492,0.038248,0.085321,0.098657
73,453,0.579473770752,0.30620734375,0.081814503418,0.695606417236,0.0381859846191,0.0855928376465,0.0991936379395
74,454,0.580181054687,0.307491640625,0.082373171875,0.696254179688,0.03808065625,0.08591846875,0.099506078125
75,455,0.580702923584,0.308642939453,0.0829451196289,0.696837855225,0.0379887770996,0.0863035959473,0.0997812312012
76,456,0.58111,0.30972,0.08341,0.69733,0.037964,0.086753,0.10021
77,457,0.581423820801,0.310737553711,0.0837573015137,0.697732332764,0.0380134256592,0.087275810791,0.100793478027
78,458,0.581661484375,0.311705546875,0.0839840234375,0.698046835938,0.0381386757812,0.08788115625,0.101522507812
79,459,0.581839802246,0.312632202148,0.0840949123535,0.698290552979,0.0382655963135,0.0885474821777,0.102291749512
80,460,0.58197,0.31352,0.084104,0.69848,0.03832,0.089256,0.10299
81,461,0.58206182373,0.314376456299,0.0840049737549,0.698616251221,0.0382997365723,0.0900247971191,0.103621465942
82,462,0.582119921875,0.315204960938,0.0837971601562,0.698699179687,0.0382074296875,0.090877609375,0.104194261719
83,463,0.582134104004,0.315958460693,0.0835634290771,0.698694661865,0.0381127858887,0.0918356384277,0.104720973022
84,464,0.58209,0.31659,0.083385,0.69857,0.038086,0.092927,0.10522
85,465,0.58197831543,0.317094108887,0.0832746101074,0.698320135498,0.0381267076416,0.094199869751,0.105703603516
86,466,0.58178625,0.317468046875,0.08323925,0.697942460938,0.0382299726562,0.0957112460937,0.106189453125
87,467,0.58150199707,0.317755568848,0.0831999680176,0.697504312744,0.0383447733154,0.0974743406982,0.106666015625
88,468,0.58111,0.318,0.083078,0.69707,0.038418,0.099516,0.10713
89,469,0.580597635498,0.318199921875,0.0828819125977,0.696642067871,0.0384531619873,0.101880599487,0.107596784668
90,470,0.579950273438,0.31835078125,0.0826265703125,0.69621703125,0.0384567226562,0.104621652344,0.108088125
91,471,0.579076617432,0.318391035156,0.0823900102539,0.695677873535,0.0384190299072,0.108100099243,0.108799934082
92,472,0.57789,0.31826,0.082253,0.69491,0.038336,0.11266,0.10992
93,473,0.576376931152,0.317955476074,0.0822263879395,0.693908291016,0.0382110638428,0.118342537964,0.111486469727
94,474,0.57453296875,0.317480078125,0.0823180625,0.692676953125,0.0380524023437,0.125152660156,0.113521953125
95,475,0.572431486816,0.316884143066,0.082522510498,0.69133671875,0.0379334161377,0.132829138306,0.115785493164
96,476,0.57015,0.31622,0.082831,0.69001,0.037927,0.14109,0.11804
97,477,0.567689862061,0.315489726562,0.0832617113037,0.688700876465,0.0380415439453,0.149908998047,0.120305310059
98,478,0.565050507812,0.3146934375,0.0838328164063,0.6874065625,0.0382799765625,0.15926003125,0.12262203125
99,479,0.562203638916,0.31381328125,0.0845140860596,0.686047131348,0.038627015625,0.169204302734,0.125268771973
100,480,0.55912,0.31283,0.08528,0.68454,0.039062,0.1798,0.12853
101,481,0.555807497559,0.311746677246,0.0861383438721,0.682887329102,0.0395901956787,0.190974793701,0.132443293457
102,482,0.552276015625,0.310566796875,0.0871020664062,0.681095078125,0.0402147851562,0.202643710937,0.13703359375
103,483,0.548546066895,0.309300969238,0.0883041097412,0.679209790039,0.0408890821533,0.214668560791,0.142196218262
104,484,0.54464,0.30796,0.089873,0.67728,0.041569,0.2269,0.14782
105,485,0.540567984619,0.306544281006,0.0918171358643,0.675306048584,0.0422515352783,0.239255384521,0.153939626465
106,486,0.536340976563,0.305053554687,0.0941324335937,0.673286445312,0.0429385351562,0.251648632812,0.16059453125
107,487,0.531965731201,0.303486241455,0.096723887085,0.67120397583,0.0436895550537,0.26390116333,0.167894299316
108,488,0.52745,0.30184,0.099489,0.66904,0.044565,0.27584,0.17595
109,489,0.522798293457,0.300110631104,0.102421146362,0.666790181885,0.0455630330811,0.287386781006,0.184795244141
110,490,0.5180146875,0.298292773438,0.105514667969,0.664449414062,0.0466775820313,0.298476210938,0.194460078125
111,491,0.513170339355,0.296399246826,0.108757280884,0.662049901123,0.0478981490479,0.309038526611,0.204889296875
112,492,0.50833,0.29444,0.11214,0.65962,0.049209,0.31902,0.21603
113,493,0.50350809082,0.292413271484,0.115631022217,0.657158726807,0.050600914917,0.32836612793,0.227847469482
114,494,0.498711796875,0.29031484375,0.11919790625,0.654660898438,0.0520606210938,0.337034921875,0.240302695313
115,495,0.493772915039,0.288068115234,0.122921083252,0.652011463623,0.0535561627197,0.34513112793,0.253840758057
116,496,0.48853,0.2856,0.12687,0.6491,0.055053,0.35276,0.26886
117,497,0.482981816406,0.282905821533,0.131015469116,0.64592114502,0.0565314924316,0.359915578613,0.285296083984
118,498,0.477142890625,0.279988476563,0.135313269531,0.642480546875,0.057971125,0.36658640625,0.30301546875
119,499,0.471252529297,0.276931331787,0.1395169552,0.638901345215,0.0593319372559,0.372569284668,0.321128583984
120,500,0.46555,0.27382,0.14338,0.63531,0.060575,0.37767,0.33873
121,501,0.460043422852,0.270657995605,0.146862625732,0.631711114502,0.0616840599365,0.381892480469,0.355668582764
122,502,0.454723984375,0.2674446875,0.149940742188,0.628103007813,0.0626460039063,0.385262109375,0.371835898437
123,503,0.449457856445,0.264149855957,0.152662467041,0.62444730835,0.0634283311768,0.387998330078,0.387386295166
124,504,0.4441,0.26074,0.15509,0.6207,0.064004,0.39033,0.40251
125,505,0.438647359619,0.257217700195,0.157203282471,0.616866697998,0.064366130249,0.392285054932,0.417093040771
126,506,0.433098242187,0.253585390625,0.158988085938,0.612952226562,0.0645138554688,0.393884335937,0.431030820312
127,507,0.427438748779,0.249847817383,0.160465931396,0.608936080322,0.0644914454346,0.395113455811,0.444170968018
128,508,0.42166,0.24601,0.16166,0.6048,0.064346,0.39595,0.45637
129,509,0.415751075439,0.242071599121,0.162580865479,0.600543840332,0.0640852299805,0.396425092773,0.467600375977
130,510,0.409705507812,0.23803234375,0.163240039062,0.596170703125,0.0637165078125,0.396566875,0.47785171875
131,511,0.403521097412,0.233876584473,0.163623436279,0.591704216309,0.0632322163086,0.396395610352,0.487152963867
132,512,0.3972,0.22959,0.16372,0.58717,0.062625,0.39593,0.49555
133,513,0.390744294434,0.225169593506,0.163547122803,0.582567249756,0.0619066607666,0.395182070313,0.50305944458
134,514,0.38415953125,0.220613789062,0.163126757813,0.577894179688,0.0610904960938,0.39416171875,0.509710507813
135,515,0.377487365723,0.215966661377,0.162517471924,0.573190303955,0.0602092762451,0.392886269531,0.515584212646
136,516,0.37077,0.21127,0.16178,0.56849,0.059296,0.39137,0.52077
137,517,0.36403621582,0.206535588379,0.160940861816,0.563805579834,0.0583655039063,0.389628378906,0.525313181152
138,518,0.357316171875,0.201772734375,0.160026015625,0.559145195312,0.057431734375,0.38767546875,0.52926171875
139,519,0.350520102539,0.196861472168,0.159048171387,0.554367647705,0.0564851503906,0.385443398438,0.532761018066
140,520,0.34357,0.19169,0.15802,0.54934,0.055517,0.38287,0.53595
141,521,0.336486374512,0.186264771729,0.15696293457,0.544063294678,0.0545371027832,0.379964180908,0.538887468262
142,522,0.3293040625,0.180606289062,0.155898125,0.538553710937,0.0535566171875,0.376743789063,0.541621875
143,523,0.322346789551,0.174934764404,0.154905581055,0.533044903564,0.0526428649902,0.373361761475,0.544062922363
144,524,0.31593,0.16947,0.15406,0.52777,0.05186,0.36997,0.54612
145,525,0.31008182373,0.164231182861,0.153374455566,0.522744130859,0.0512151628418,0.366584594727,0.547832368164
146,526,0.30480265625,0.159222617187,0.152853046875,0.517966328125,0.0507087734375,0.363210859375,0.549247578125
147,527,0.299876086426,0.154330003662,0.152436394043,0.513297597656,0.0502855744629,0.35977340332,0.550538969727
148,528,0.29507,0.14943,0.15206,0.50859,0.049887,0.35619,0.55188
149,529,0.290376905518,0.144529901611,0.151720192871,0.503846221924,0.0495087158203,0.352468421631,0.553300125732
150,530,0.285792460937,0.139639039062,0.151413359375,0.499072460937,0.049147390625,0.348617539062,0.554817539062
151,531,0.28134824585,0.134780337646,0.151144758301,0.494304007568,0.0488210830078,0.344639552002,0.55642425415
152,532,0.27708,0.12998,0.15092,0.48958,0.048548,0.34054,0.5581
153,533,0.27295630249,0.125232456421,0.150728018799,0.484889934082,0.0483223132324,0.336314189453,0.559860169678
154,534,0.268944023437,0.120532355469,0.150556914063,0.480222578125,0.0481369765625,0.33195890625,0.561712773437
155,535,0.265015606689,0.115888978638,0.150382376709,0.475582185059,0.0479475119629,0.327519892578,0.563594239502
156,536,0.26114,0.11131,0.15018,0.47097,0.047711,0.32304,0.56544
157,537,0.257296719971,0.106800058838,0.149941914063,0.4663855896,0.0474191687012,0.31852567627,0.567239129639
158,538,0.253464023437,0.1023629375,0.149661640625,0.461826679687,0.0470670546875,0.313979296875,0.568983320312
159,539,0.249550579834,0.0979478942871,0.149324931641,0.457223448486,0.0467099475098,0.30930486084,0.570716051025
160,540,0.24547,0.093508,0.14892,0.45251,0.046402,0.30441,0.57248
161,541,0.241206015625,0.08904943396,0.148438822021,0.447687386475,0.0461420766602,0.29930315918,0.574264063721
162,542,0.236751875,0.0845852851562,0.147875351563,0.442764882813,0.04592471875,0.29400328125,0.576052851563
163,543,0.232152578125,0.0801900079346,0.147262003174,0.437808692627,0.0456669506836,0.288600063477,0.57777793335
164,544,0.22746,0.075941,0.14663,0.43289,0.045287,0.28319,0.57937
165,545,0.222672937012,0.071849604126,0.145979941406,0.428015670166,0.0447806617432,0.277787352295,0.580819110107
166,546,0.217791796875,0.0679243007813,0.14530984375,0.423191289063,0.0441500507813,0.272405117188,0.582119257813
167,547,0.212845178223,0.0641856678467,0.144554257813,0.418462772217,0.0434681883545,0.267109693604,0.583271109619
168,548,0.20786,0.060649,0.14365,0.41387,0.04281,0.26196,0.58428
169,549,0.202848588867,0.0573235098877,0.142597980957,0.409421397705,0.0421794951172,0.256972506104,0.585141264648
170,550,0.19782125,0.0542135898437,0.141405546875,0.405118242187,0.0415775078125,0.252154492188,0.5858534375
171,551,0.192742895508,0.0512861185303,0.140137087402,0.400896585693,0.0409525292969,0.247435164795,0.586436040039
172,552,0.18758,0.048506,0.13886,0.39669,0.040253,0.24274,0.58691
173,553,0.182344355469,0.0458712479248,0.137581894531,0.392495661621,0.0394838074951,0.238069073486,0.587281607666
174,554,0.17705234375,0.0433806679687,0.1363084375,0.388313515625,0.0386536445313,0.233424882813,0.587557382812
175,555,0.171756015625,0.0410377496338,0.135036347656,0.384151262207,0.0378184293213,0.22882255249,0.587736815186
176,556,0.16651,0.038847,0.13376,0.38002,0.037035,0.22428,0.58782
177,557,0.161329512939,0.0368038452148,0.132493668213,0.375916196289,0.0363112406006,0.21979201416,0.587821394043
178,558,0.156228789062,0.0349038359375,0.131251601562,0.37183796875,0.0356524492188,0.21535375,0.5877575
179,559,0.151231820068,0.0331475249023,0.130015438232,0.36780331543,0.0350293311768,0.21098157959,0.587626340332
180,560,0.14636,0.031535,0.12877,0.36383,0.034412,0.20669,0.58743
181,561,0.141633387451,0.0300627504883,0.127535015869,0.35992725708,0.0338128336182,0.202484207764,0.587191778564
182,562,0.137070195312,0.0287266171875,0.126335898438,0.356104257812,0.0332471523437,0.198368007813,0.586940117187
183,563,0.132646480713,0.0275175063477,0.125207362061,0.352318040771,0.0327283807373,0.194276715088,0.586727454834
184,564,0.12834,0.026426,0.12419,0.34853,0.032274,0.19015,0.58661
185,565,0.124158332642,0.0254457786865,0.123317371826,0.34474519043,0.0319031364746,0.185987495117,0.586621157227
186,566,0.120111566406,0.0245703164063,0.122627460938,0.340974453125,0.0316386328125,0.1817959375,0.586795625
187,567,0.116302753784,0.0238026983643,0.122188326416,0.337342241211,0.0315160910645,0.177696762695,0.587190014648
188,568,0.11283,0.023145,0.12207,0.33397,0.031574,0.17381,0.58786
189,569,0.109698290649,0.022590597168,0.122325002441,0.330867576904,0.0318520803223,0.17014201416,0.588842576904
190,570,0.106901902344,0.0221315625,0.123006875,0.328034414062,0.0323935390625,0.166689921875,0.590172460937
191,571,0.104340767456,0.0217384106445,0.124131794434,0.325375240479,0.033199619873,0.163366491699,0.591876636963
192,572,0.10191,0.021382,0.12572,0.32279,0.034279,0.16008,0.59398
193,573,0.0996009580078,0.0210548167725,0.127837810059,0.320276722412,0.035696951416,0.156828630371,0.596508104248
194,574,0.097408078125,0.0207512304687,0.13055875,0.317836523438,0.0375300859375,0.153613359375,0.599484101563
195,575,0.0953445751953,0.0204784620361,0.133978674316,0.315499952393,0.0398699733887,0.150458273926,0.602961861572
196,576,0.093427,0.020245,0.1382,0.3133,0.04282,0.14739,0.60699
197,577,0.0916407978516,0.0200461584473,0.143312907715,0.311228232422,0.0464936390381,0.144400734863,0.611580343018
198,578,0.089971703125,0.01987740625,0.14941296875,0.309275078125,0.0510169023437,0.141482109375,0.616737382813
199,579,0.0884224384766,0.0197311501465,0.156579807129,0.307432402344,0.0564749190674,0.138632888184,0.622429564209
200,580,0.086994,0.0196,0.1649,0.30569,0.06297,0.13585,0.62862
201,581,0.0856788157959,0.0194816765137,0.17438881958,0.304043684082,0.0705588199463,0.133136104736,0.635266583252
202,582,0.0844676367188,0.0193744375,0.185052460938,0.30248828125,0.0792988554687,0.130493632812,0.642318554687
203,583,0.0833122716064,0.0192809094238,0.197490628662,0.300990866699,0.0899498494873,0.12786302124,0.649922923584
204,584,0.082166,0.019204,0.21224,0.29952,0.10321,0.12519,0.6582
205,585,0.0810183948975,0.0191423334961,0.22927440918,0.298067745361,0.119099742432,0.122473578857,0.667095209961
206,586,0.0798626757813,0.0190944765625,0.24847796875,0.296628867187,0.137541289063,0.119720226563,0.6765225
207,587,0.0787349239502,0.0190571245117,0.268801040039,0.295235550537,0.157551590576,0.117049511963,0.685919790039
208,588,0.077672,0.019027,0.28917,0.29392,0.17811,0.11458,0.69473
209,589,0.0766693012695,0.0190032991943,0.30942690918,0.292679396973,0.199082647705,0.112319274902,0.702869105225
210,590,0.075720109375,0.0189854257813,0.32946078125,0.291508671875,0.220368554688,0.110266171875,0.710292304688
211,591,0.0747838686523,0.0189740509033,0.349507797852,0.290366062012,0.242151234131,0.108341090332,0.717212432861
212,592,0.07382,0.01897,0.36984,0.28921,0.26464,0.10646,0.72387
213,593,0.0728263725586,0.0189728897705,0.390316462402,0.288038444824,0.287681704102,0.104623125244,0.730229364014
214,594,0.071803734375,0.0189823945312,0.410797109375,0.286852421875,0.311119375,0.102833132812,0.736258164062
215,595,0.0707681254883,0.0189974251709,0.431069191895,0.28567467041,0.334687592773,0.101112485107,0.741920640869
216,596,0.069738,0.019017,0.45092,0.28453,0.35812,0.099486,0.74718
217,597,0.0687140202637,0.0190406916504,0.470285072021,0.283420172119,0.381325009766,0.0979484432373,0.752049880371
218,598,0.0676975234375,0.01906815625,0.489112304687,0.282347070313,0.40422484375,0.0964942460937,0.756547109375
219,599,0.066697326416,0.0191028513184,0.507339200439,0.28130789917,0.426719814453,0.0951222437744,0.760687180176
220,600,0.065722,0.019148,0.52492,0.2803,0.44873,0.09383,0.76449
221,601,0.064778027832,0.0192031027832,0.541788773193,0.27932796875,0.470151567383,0.0926172619629,0.767968876953
222,602,0.06387175,0.019267203125,0.557889570312,0.278396953125,0.4908915625,0.09148315625,0.77113984375
223,603,0.062993800293,0.0193352507324,0.573410860596,0.277522509766,0.51120050293,0.0904031091309,0.774071337891
224,604,0.062136,0.019402,0.58853,0.27672,0.53131,0.089354,0.77683
225,605,0.0613021535645,0.0194665233154,0.603235806885,0.275992834473,0.551182011719,0.0883328601074,0.779434951172
226,606,0.0604975234375,0.0195280664062,0.617498476563,0.27534328125,0.57074921875,0.087339125,0.78190046875
227,607,0.0597660368652,0.0195857584229,0.630848065186,0.274772419434,0.589304296875,0.0864091555176,0.784196279297
228,608,0.05915,0.019639,0.64283,0.27428,0.60616,0.085579,0.78629
229,609,0.0586522714844,0.0196869865723,0.653432373047,0.273866833496,0.621272912598,0.0848473951416,0.788192303467
230,610,0.0582714375,0.0197291328125,0.662687734375,0.27353265625,0.634662734375,0.0842100898438,0.789914960938
231,611,0.0579770644531,0.0197659284668,0.671006171875,0.27327232666,0.646862741699,0.0836407176514,0.791497769775
232,612,0.057736,0.019798,0.67882,0.27308,0.65844,0.083111,0.79298
233,613,0.0575465803223,0.0198253435059,0.686169656982,0.272952854004,0.669428905029,0.0826180078125,0.794373693848
234,614,0.0574073515625,0.0198480390625,0.693085351563,0.27288765625,0.679853242188,0.082159203125,0.7956890625
235,615,0.057306526123,0.0198656848145,0.699528824463,0.272881228027,0.689646656494,0.0817259472656,0.796881813965
236,616,0.057234,0.019878,0.70545,0.27293,0.69873,0.081311,0.79791
237,617,0.0571851859131,0.019885307251,0.710902653809,0.273030241699,0.707165439453,0.0809095864258,0.798780559082
238,618,0.0571572304687,0.0198880664062,0.715937421875,0.27317796875,0.715013515625,0.08051821875,0.79950515625
239,619,0.0571650616455,0.0198882869873,0.720642180176,0.27336161377,0.722411328125,0.0801469331055,0.800185163574
240,620,0.057224,0.019888,0.7251,0.27357,0.72949,0.079806,0.80092
241,621,0.0573328527832,0.0198876651611,0.729336462402,0.273798686523,0.736278356934,0.0794941480713,0.801717969971
242,622,0.0574895625,0.0198876367187,0.733368828125,0.274043984375,0.7427925,0.0792095507813,0.802579179688
243,623,0.0576846315918,0.0198880706787,0.737160578613,0.274312280273,0.748972580566,0.0789398973389,0.80343692749
244,624,0.057908,0.019889,0.74067,0.27461,0.75475,0.078673,0.80422
245,625,0.0581593311768,0.019890791626,0.743914293213,0.274936098633,0.760147177734,0.0784077467041,0.804932150879
246,626,0.0584386210938,0.0198937382812,0.746911289063,0.275289296875,0.765187421875,0.0781438867188,0.805579296875
247,627,0.058742137085,0.0198973162842,0.74963883667,0.275647485352,0.769796171875,0.0778910203857,0.80615307373
248,628,0.059067,0.019901,0.75208,0.27599,0.77391,0.077659,0.80665
249,629,0.0594132086182,0.0199043996582,0.754243659668,0.2763178479,0.777541112061,0.0774470756836,0.807067646484
250,630,0.0597816914062,0.019907078125,0.75614421875,0.276634804688,0.780715351562,0.077253921875,0.8074071875
251,631,0.0601797059326,0.0199120554199,0.757885539551,0.276966502686,0.783639400635,0.0770746801758,0.807733564453
252,632,0.060615,0.019922,0.75957,0.27734,0.78652,0.076904,0.80811
253,633,0.0610910059814,0.0199366834717,0.76121428833,0.277761131592,0.78938614502,0.0767410979004,0.808541580811
254,634,0.0616113867188,0.0199554414062,0.762827773437,0.278235429687,0.792253828125,0.0765851328125,0.809027929687
255,635,0.0621721126709,0.0199696842041,0.76435324585,0.278762047119,0.795046833496,0.0764335593262,0.80951331665
256,636,0.06277,0.019971,0.76573,0.27934,0.79768,0.076284,0.80994
257,637,0.0634058018799,0.0199592266846,0.766967669678,0.279973427734,0.800169942627,0.0761360980225,0.810310635986
258,638,0.0640807851563,0.0199349882812,0.768078085938,0.280666328125,0.802533164062,0.0759898867188,0.810630898438
259,639,0.0648327728271,0.0199023343506,0.769091466064,0.281449160156,0.804792015381,0.0758412784424,0.810909710693
260,640,0.065697,0.019866,0.77004,0.28235,0.80697,0.075687,0.81116
261,641,0.0666745083008,0.0198262681885,0.770928634033,0.283371199951,0.809070905762,0.0755272230225,0.811381595459
262,642,0.0677619609375,0.0197835898438,0.771761835938,0.284511445312,0.811098125,0.0753629570312,0.811576210937
263,643,0.0689046274414,0.0197449852295,0.772549486084,0.285728668213,0.813046281738,0.0752077481689,0.811793321533
264,644,0.070047,0.019717,0.7733,0.28698,0.81491,0.075075,0.81208
265,645,0.0711850297852,0.0197008146973,0.7740187854,0.288261835938,0.81669376709,0.0749660214844,0.812439737549
266,646,0.0723177734375,0.0196968671875,0.774709726563,0.28957265625,0.81840265625,0.074881125,0.812870898437
267,647,0.073467840332,0.0196970202637,0.775371102295,0.290934433594,0.820055314941,0.0748128144531,0.813329749756
268,648,0.07466,0.019693,0.776,0.29237,0.82167,0.074753,0.81377
269,649,0.0758912150879,0.0196845561523,0.776598217773,0.293876005859,0.823250500488,0.0747025964355,0.814187644043
270,650,0.077158171875,0.019671859375,0.777166953125,0.29544796875,0.82479921875,0.0746627421875,0.814579609375
271,651,0.0784585095215,0.019661730957,0.777699682617,0.297068583984,0.82630854248,0.0746321135254,0.814951525879
272,652,0.079789,0.019661,0.77819,0.29872,0.82777,0.07461,0.81531
273,653,0.0811444467773,0.0196697174072,0.778640605469,0.30039609375,0.82918706543,0.0745964768066,0.815653569336
274,654,0.0825183203125,0.0196875039063,0.779055234375,0.30209078125,0.830563515625,0.0745921171875,0.8159815625
275,655,0.0839261323242,0.0197067752686,0.779426689453,0.303823066406,0.831895405273,0.0746059987793,0.816260375977
276,656,0.08538,0.01972,0.77975,0.30561,0.83318,0.074647,0.81646
277,657,0.0868696143799,0.0197267268066,0.78002277832,0.30744199707,0.834414938965,0.0747155344238,0.816578190918
278,658,0.0883803242188,0.019727,0.780243828125,0.3093059375,0.83559828125,0.0748111953125,0.816616953125
279,659,0.0898567386475,0.0197290388184,0.780479106445,0.311159838867,0.836773361816,0.0749299353027,0.816662834473
280,660,0.091242,0.019741,0.78079,0.31296,0.83798,0.075067,0.8168
281,661,0.0925233793945,0.0197626533203,0.781180693359,0.314696455078,0.839217836914,0.07522190271,0.817033890381
282,662,0.09369065625,0.0197931328125,0.781648359375,0.31636078125,0.840481171875,0.0753939179688,0.817362773437
283,663,0.0947176401367,0.0198248554688,0.782071367188,0.317921142578,0.84168887207,0.0755779229736,0.817693018799
284,664,0.095583,0.01985,0.78233,0.31935,0.84276,0.075769,0.81793
285,665,0.0962782794189,0.0198679598389,0.782419676514,0.320640450439,0.843690170898,0.0759656181641,0.818072056885
286,666,0.0968000039063,0.0198784570312,0.782345351562,0.321790664063,0.844480859375,0.0761666484375,0.818123242188
287,667,0.0971821585693,0.01988365979,0.782215054932,0.322837445068,0.845170014648,0.0763750722656,0.818147176514
288,668,0.097461,0.019886,0.78214,0.32382,0.8458,0.076594,0.81821
289,669,0.0976406486816,0.0198854432373,0.782123883057,0.324742414551,0.846371831055,0.0768237421875,0.818312346191
290,670,0.097724921875,0.0198820585938,0.782165351562,0.32560828125,0.846887109375,0.0770646484375,0.818452265625
291,671,0.0977049274902,0.0198722984619,0.782214910889,0.32641260498,0.847356557617,0.0773080341797,0.818601452637
292,672,0.097572,0.019853,0.78222,0.32715,0.84779,0.077546,0.81873
293,673,0.097333845459,0.0198246931152,0.782185031738,0.327824852295,0.848195046387,0.0777771546631,0.818839464111
294,674,0.096999484375,0.019788453125,0.7821159375,0.328441601563,0.8485784375,0.0780009257812,0.818932226563
295,675,0.0965925275879,0.0197524807129,0.782036101074,0.32902800415,0.848937648926,0.0782440860596,0.819026361084
296,676,0.096137,0.019725,0.78197,0.32961,0.84927,0.078532,0.81914
297,677,0.0956393824463,0.0197069095459,0.78191704834,0.330190734863,0.849580050049,0.0788649467773,0.819271433105
298,678,0.0951050117187,0.0196985664062,0.781875625,0.330770390625,0.849872617187,0.079240453125,0.8194175
299,679,0.0945448924561,0.0196980675049,0.781844279785,0.331312438965,0.8501640271,0.0796182504883,0.819567629395
300,680,0.093968,0.019703,0.78182,0.33178,0.85047,0.079958,0.81971
301,681,0.0933781287842,0.0197137049561,0.78180425415,0.332170235596,0.850791094971,0.0802569725342,0.819844945068
302,682,0.0927769492188,0.0197303085938,0.781797773437,0.332482226563,0.851125976562,0.0805150429688,0.819973007813
303,683,0.0921541226807,0.0197507554932,0.781779608154,0.332748167725,0.85147855835,0.0807572828369,0.820071446533
304,684,0.091498,0.019773,0.78173,0.333,0.85185,0.08101,0.82012
305,685,0.0908066091309,0.0197972453613,0.781648565674,0.333235761719,0.852244910889,0.0812734035645,0.820116629639
306,686,0.09007753125,0.0198239375,0.781537226563,0.333451015625,0.852666757813,0.081546984375,0.820062304687
307,687,0.0893092854004,0.0198505202637,0.781422103271,0.333608349609,0.853048980713,0.0818140241699,0.820007017822
308,688,0.0885,0.019875,0.78133,0.33367,0.85333,0.082058,0.82
309,689,0.0876514946289,0.0198978339844,0.781260958252,0.333634714355,0.853502421875,0.0822774921875,0.820041535645
310,690,0.0867661953125,0.0199200703125,0.781213398438,0.33350375,0.85356546875,0.0824719296875,0.82012765625
311,691,0.0858057250977,0.0199510341797,0.781189779053,0.333287785645,0.853669589844,0.0826756240234,0.820225671387
312,692,0.084736,0.02,0.78119,0.333,0.85396,0.082921,0.8203
313,693,0.0835614061279,0.0200686187744,0.78121645752,0.332643984375,0.854444981689,0.0832080761719,0.820352966309
314,694,0.0822924101562,0.0201579804688,0.781270078125,0.332224921875,0.855120039063,0.0835333359375,0.82038796875
315,695,0.0810056138916,0.0202623865967,0.781308083496,0.331745458984,0.855777132568,0.0838393330078,0.82036763916
316,696,0.079779,0.020376,0.78129,0.33121,0.85621,0.084069,0.82026
317,697,0.0786247912598,0.0204991099854,0.781213729248,0.330629394531,0.85641184082,0.0842186907959,0.820062216797
318,698,0.0775514765625,0.0206322226563,0.781081523438,0.330016484375,0.856390859375,0.0842888320312,0.819777265625
319,699,0.0765452214355,0.0207853475342,0.780953492432,0.329395009766,0.856338579102,0.084320116333,0.819506660156
320,700,0.075589,0.020968,0.78089,0.32879,0.85645,0.084355,0.81935
321,701,0.0746956162109,0.021180321167,0.780891477051,0.328219202881,0.856730335693,0.0843925185547,0.819313250732
322,702,0.073877640625,0.0214214414063,0.7809540625,0.327701132812,0.857174414063,0.08443,0.819394257812
323,703,0.0731291201172,0.0216771090088,0.781050515137,0.327244610596,0.857659825439,0.0844523564453,0.819508922119
324,704,0.072446,0.021933,0.78115,0.32686,0.85806,0.084443,0.81957
325,705,0.0718347850342,0.0221871210938,0.781251856689,0.326563481445,0.8583709021,0.0844039002686,0.819574606934
326,706,0.0713039648438,0.0224381875,0.781354960938,0.32637234375,0.858592929688,0.0843373242187,0.819523203125
327,707,0.0709019605713,0.0226992304687,0.781432513428,0.326353295898,0.858831573486,0.0842346871338,0.819454777832
328,708,0.070676,0.022983,0.78146,0.32657,0.85919,0.084089,0.81941
329,709,0.0706318574219,0.0232879262695,0.781434532471,0.32703520874,0.859668681641,0.0839011485596,0.819386732178
330,710,0.0707710859375,0.023611265625,0.781356757812,0.327755273438,0.860260234375,0.0836738398438,0.819381523437
331,711,0.0710774423828,0.0239342475586,0.781250062256,0.328698809814,0.860790566406,0.0834290111084,0.819352755127
332,712,0.071531,0.024238,0.78114,0.32983,0.86109,0.083189,0.81926
333,713,0.0721328907471,0.0245213753662,0.781028668213,0.331151524658,0.861153948975,0.0829578635254,0.819106160889
334,714,0.0728829492187,0.0247845273438,0.780918085938,0.332665273438,0.860992695313,0.0827386640625,0.818898320312
335,715,0.0737554779053,0.0250310655518,0.780821326904,0.334361165771,0.860786622314,0.0825265554199,0.8186731604
336,716,0.074726,0.025266,0.78075,0.33623,0.86072,0.082316,0.81847
337,717,0.0757976107178,0.0254896173096,0.78070552002,0.338275432129,0.860798374023,0.0821117313232,0.818288446045
338,718,0.0769770742187,0.0257029960938,0.780687109375,0.340503515625,0.86101734375,0.0819187460937,0.818126523437
339,719,0.0782547891846,0.0259151087646,0.780693259277,0.342888444824,0.86130715332,0.081737932251,0.818030494385
340,720,0.079627,0.026135,0.78072,0.34541,0.86159,0.081571,0.81804
341,721,0.0810961815186,0.0263652819824,0.780771271973,0.348061793213,0.861872578125,0.0814211705322,0.818160351562
342,722,0.0826690351563,0.0266081484375,0.780850390625,0.350841132813,0.8621615625,0.0812923085938,0.818389921875
343,723,0.0844587994385,0.0268632756348,0.78089807373,0.353907410889,0.862428632813,0.081203446167,0.818601279297
344,724,0.086574,0.02713,0.78086,0.35741,0.86265,0.081173,0.81867
345,725,0.0890319459229,0.0274107254639,0.780731738281,0.361350908203,0.862821787109,0.081203677002,0.818586746826
346,726,0.0918405976563,0.0277078085938,0.78051546875,0.365714453125,0.862945,0.0812964296875,0.818352226563
347,727,0.0948534647217,0.0280224615479,0.780342304687,0.370256132812,0.863080634766,0.081445611084,0.818101343994
348,728,0.097926,0.028356,0.78034,0.37473,0.86329,0.081644,0.81797
349,729,0.101076413208,0.0287130844727,0.780513768311,0.379124908447,0.863575740967,0.0818928126221,0.817963096924
350,730,0.104336917969,0.0290989765625,0.780857773438,0.383446054687,0.863936367187,0.0821927382812,0.818077695313
351,731,0.107810045288,0.0295048969727,0.781236031494,0.387793348389,0.864347164307,0.0825290609131,0.81819098999
352,732,0.11161,0.029924,0.78151,0.39228,0.86478,0.082888,0.81818
353,733,0.115784158936,0.0303723371582,0.781675825195,0.39690921875,0.865230935059,0.0832679163818,0.818041286621
354,734,0.120385789063,0.03087009375,0.781737265625,0.4016871875,0.8656946875,0.0836686757812,0.81777890625
355,735,0.125440127197,0.031409994873,0.781761333008,0.406646835938,0.866174025879,0.0841123790283,0.817527404785
356,736,0.13098,0.031992,0.78182,0.41182,0.86667,0.084621,0.81742
357,737,0.137043600098,0.0326424573975,0.781909812012,0.417205847168,0.8671762146,0.0851927573242,0.817461452637
358,738,0.143671828125,0.0333953476562,0.78202578125,0.422797734375,0.867684882813,0.085823890625,0.8176471875
359,739,0.151199847168,0.0343633829346,0.78216208252,0.428717775879,0.868137911377,0.0865053461914,0.817824133301
360,740,0.15994,0.035661,0.78231,0.43507,0.86848,0.087226,0.81784
361,741,0.169926477051,0.0373317050781,0.782469069824,0.441846625977,0.868707810059,0.0879835904541,0.81769154541
362,742,0.181155859375,0.039415578125,0.782636875,0.44901875,0.868824296875,0.0887750351562,0.81738625
363,743,0.193227380371,0.0419053515625,0.782806633301,0.456256030273,0.868867492676,0.0895736248779,0.817067282715
364,744,0.20573,0.044793,0.78297,0.46323,0.86888,0.090354,0.81688
365,745,0.21864723999,0.0481263868408,0.783129584961,0.469902780762,0.86886776001,0.0911124129639,0.816825529785
366,746,0.231982773437,0.0519570351563,0.783288515625,0.476258828125,0.868837695312,0.0918478164063,0.81689640625
367,747,0.245898262939,0.0563494769287,0.783384057617,0.482480041504,0.868814061279,0.0925794390869,0.817012927246
368,748,0.26057,0.061372,0.78336,0.48876,0.86882,0.093328,0.81709
369,749,0.275944863281,0.0670465048828,0.78321635498,0.495075718994,0.868856623535,0.0940917199707,0.817131445312
370,750,0.291961328125,0.0733916328125,0.78296171875,0.501397851562,0.86892140625,0.0948681953125,0.817143671875
371,751,0.308757255859,0.0806069882812,0.782734016113,0.507668074951,0.869060114746,0.0956655700684,0.817112529297
372,752,0.32644,0.088872,0.78267,0.51382,0.86931,0.09649,0.81703
373,753,0.344927124023,0.0981620037842,0.782767114258,0.519838516846,0.86967241333,0.0973394926758,0.81688967041
374,754,0.364095859375,0.108418238281,0.783010546875,0.525705429688,0.870140429688,0.0982098125,0.816689375
375,755,0.383595795898,0.119491385376,0.783369750977,0.53138739624,0.870547093506,0.0990794838867,0.816525407715
376,756,0.40305,0.1312,0.7838,0.53685,0.87073,0.099926,0.81649
377,757,0.422341400146,0.143471719727,0.784299730225,0.542077297363,0.870676868896,0.100745114258,0.816580983887
378,758,0.441355039063,0.156218421875,0.784860976562,0.547055234375,0.870389492187,0.101533296875,0.8167859375
379,759,0.459634464111,0.169027536133,0.785273829346,0.551685622559,0.870021270752,0.102275813477,0.817014367676
380,760,0.47676,0.1815,0.78534,0.55588,0.86973,0.10296,0.81717
381,761,0.492635830078,0.193542087891,0.785042559814,0.559633726807,0.869515999756,0.103581894775,0.817248028564
382,762,0.50722171875,0.205094828125,0.784386601562,0.562956289063,0.869371757813,0.104139804687,0.817246679687
383,763,0.520802587891,0.216275890625,0.783603109131,0.565969012451,0.869230626221,0.104655174561,0.817107025146
384,764,0.5337,0.22723,0.78293,0.5688,0.86902,0.10515,0.81678
385,765,0.54588871582,0.23789074585,0.782379241943,0.571461859131,0.868744705811,0.105624358154,0.816258914795
386,766,0.5573446875,0.248195664062,0.781952226563,0.573963632812,0.868410742188,0.106077179687,0.815547773438
387,767,0.568325698242,0.258328009033,0.781560958252,0.576340626221,0.868000230713,0.106499133057,0.814772369385
388,768,0.57906,0.26845,0.78111,0.57862,0.8675,0.10688,0.81406
389,769,0.589589678955,0.278555003662,0.780608601074,0.58082600708,0.866916749268,0.107222340088,0.813427575684
390,770,0.599923476563,0.288611054688,0.780066953125,0.582977070313,0.866263085938,0.107529179687,0.81288578125
391,771,0.60949005249,0.298088175049,0.779537033691,0.584968470459,0.86555887085,0.107788416748,0.812358850098
392,772,0.61773,0.30647,0.77907,0.5867,0.86483,0.10799,0.81177
393,773,0.624676783868,0.313760640776,0.778662837113,0.588185601982,0.864086725198,0.108136562699,0.81113126893
394,774,0.630419154269,0.320015938808,0.778308078275,0.58945093993,0.863341901914,0.108233234525,0.810459654418
395,775,0.635318024441,0.325514530403,0.777952198913,0.590634648957,0.862715345301,0.108313180358,0.809855831264
396,776,0.63978,0.33058,0.77754,0.59188,0.86232,0.10841,0.80942
397,777,0.643993149297,0.335366530516,0.777060133273,0.593226083529,0.862161574543,0.10853169089,0.809167308449
398,778,0.648175073266,0.340060122608,0.776502551959,0.594709457611,0.862231774447,0.108684895709,0.809106922099
399,779,0.652253664586,0.344620930982,0.775901628231,0.596264496475,0.862448689502,0.108855676083,0.809160632172
400,780,0.65621,0.34906,0.77529,0.59783,0.86272,0.10903,0.80925
