,wl,Purple,Off-white,Dark green,Torquoise,Orange,Red,Yellow
0,380,0.12656,0.44756,0.034014,0.18554,0.096201,0.063324,0.083577
1,381,0.125719227499,0.448125838781,0.0339197961356,0.187303153619,0.0926664775367,0.0612542100521,0.0829478656187
2,382,0.125004984674,0.44868603282,0.0338289619094,0.189128166866,0.0892673805323,0.0592977061154,0.0823139571247
3,383,0.124657417938,0.449237333459,0.0337480178456,0.191016934225,0.0862756632565,0.0577763048721,0.0816692307339
4,384,0.1249,0.44979,0.033682,0.19294,0.083947,0.057023,0.081008
5,385,0.12573219966,0.450340124266,0.0336307487495,0.194990104542,0.0822708146873,0.0569540733853,0.0803274282081
6,386,0.127124252766,0.450894260616,0.0335925324275,0.197239254448,0.0812053597675,0.0574695315677,0.0796252225441
7,387,0.128759184582,0.451519865174,0.0335509209364,0.199848235278,0.0803511370569,0.058015707026,0.0789005291479
8,388,0.13031,0.45229,0.033489,0.20295,0.079302,0.058054,0.078153
9,389,0.131740131836,0.453202110596,0.0334066113281,0.206558267822,0.0780246818848,0.0575296209717,0.0773822247314
10,390,0.13302625,0.454249882813,0.0333047265625,0.210656210938,0.076508734375,0.0564341914062,0.0765883242187
11,391,0.134218540039,0.455597796631,0.0331715732422,0.21490774292,0.0748372302246,0.0552061763916,0.0757675345459
12,392,0.13538,0.45739,0.032998,0.21897,0.073116,0.054303,0.074917
13,393,0.136492269287,0.459610983887,0.0327826166992,0.222813879395,0.0713267684326,0.0537220499268,0.0740438448486
14,394,0.137543554688,0.46221734375,0.0325263671875,0.226428671875,0.0694607226563,0.0534433320312,0.0731572226562
15,395,0.138444971924,0.464910090332,0.0322760307617,0.229864157715,0.0676085093994,0.0532876243896,0.0722441673584
16,396,0.13912,0.46738,0.032077,0.23319,0.06586,0.053063,0.071296
17,397,0.13957711792,0.469604597168,0.0319327322998,0.236389046631,0.0642340772705,0.0527831037598,0.0703233562012
18,398,0.139840039062,0.4715778125,0.0318427382812,0.239454023438,0.0627438320312,0.05246603125,0.0693414375
19,399,0.140132886963,0.47314317627,0.0317585631104,0.242474346924,0.0613565267334,0.0521620563965,0.0684278625488
20,400,0.14068,0.47418,0.031631,0.24554,0.060036,0.051927,0.06766
21,401,0.141496835937,0.474672452393,0.0314595526123,0.248661860352,0.0587832574463,0.0517553398437,0.06704387854
22,402,0.1425825,0.474639492188,0.0312465585937,0.251844921875,0.0575979335938,0.0516411953125,0.0665789960938
23,403,0.143901445313,0.474541702881,0.0310221734619,0.255089848633,0.0565539764404,0.0516100048828,0.0662922772217
24,404,0.1454,0.47484,0.030818,0.25839,0.055718,0.051683,0.0662
25,405,0.147081882324,0.475574468994,0.0306336564941,0.261743588867,0.0550920181885,0.0518592911377,0.0662968753662
26,406,0.148941171875,0.476754570313,0.03046759375,0.265142734375,0.0546689882813,0.0521329960937,0.0665675742187
27,407,0.15081373291,0.478172664795,0.0303120505371,0.268559174805,0.0542532850342,0.052452380249,0.0668945245361
28,408,0.15254,0.4796,0.030158,0.27196,0.053655,0.052764,0.067158
29,409,0.154097750244,0.48104286377,0.03000634021,0.275332705078,0.0528597415771,0.0530569584961,0.0673435112305
30,410,0.155478320312,0.48250640625,0.0298576914063,0.278663203125,0.0518693476562,0.053321953125,0.0674435703125
31,411,0.156793133545,0.484036921387,0.0297071055908,0.281870976562,0.0508990987549,0.0535677543945,0.0674269897461
32,412,0.15816,0.48568,0.02955,0.28488,0.050166,0.053804,0.067274
33,413,0.159574143066,0.487420152588,0.0293865183105,0.287678376465,0.0496728460693,0.0540305643311,0.0669694746094
34,414,0.16102734375,0.489238398437,0.0292175390625,0.2902628125,0.0494089179688,0.0542486054688,0.0665068359375
35,415,0.162472478027,0.490983240967,0.0290435646973,0.292681896973,0.0492150811768,0.0543815894775,0.0660320673828
36,416,0.16386,0.49251,0.028866,0.29499,0.048927,0.054361,0.065687
37,417,0.165194555664,0.493806246338,0.0286853702393,0.297188565674,0.0485433537598,0.0541821439209,0.0654849119873
38,418,0.166482890625,0.494874257812,0.0285027382812,0.299279804687,0.04807028125,0.0538498789063,0.0654278476562
39,419,0.167736586914,0.495868973389,0.0283334095459,0.301284066162,0.047577501709,0.0535625831299,0.0653236705322
40,420,0.16897,0.49695,0.028192,0.30322,0.04714,0.053513,0.064983
41,421,0.170186881104,0.498122613525,0.0280798878174,0.305100834961,0.0467537020264,0.0537081859131,0.0644035164795
42,422,0.171392460938,0.499384804688,0.0279969492187,0.3069384375,0.0464130820312,0.0541376992188,0.0635974492188
43,423,0.172606785889,0.500673377686,0.0279291917725,0.308703813477,0.0461060113525,0.0546088624268,0.0627819381104
44,424,0.17385,0.50192,0.027862,0.31037,0.045818,0.054923,0.062175
45,425,0.175129283447,0.503129404297,0.0277949504395,0.311942322998,0.0455501141357,0.0550745947266,0.0617831367187
46,426,0.176450820313,0.5043071875,0.0277281484375,0.313429335937,0.0453025273438,0.0550676171875,0.0615986015625
47,427,0.177822303467,0.505478759766,0.0276648884277,0.314919937744,0.0450730455322,0.0549511855469,0.0614752197266
48,428,0.17925,0.50667,0.027609,0.3165,0.044859,0.054784,0.06126
49,429,0.180729443359,0.507880527344,0.0275598580322,0.318175872803,0.0446611704102,0.0545597232666,0.0609573822021
50,430,0.182253203125,0.50910875,0.0275169726563,0.319945820313,0.0444806328125,0.0542749023437,0.0605780976563
51,431,0.183859707031,0.510322363281,0.0274798338623,0.321731182861,0.0442905727539,0.0539711317139,0.0601477159424
52,432,0.18558,0.51149,0.027448,0.32345,0.044067,0.053688,0.0597
53,433,0.187402387695,0.512608613281,0.0274215709229,0.32509925293,0.043808864502,0.0534321242676,0.0592306878662
54,434,0.189306484375,0.5136775,0.0274007148438,0.32667890625,0.043518625,0.0532060234375,0.0587387304688
55,435,0.191167563477,0.514748027344,0.0273880340576,0.328213500977,0.043260385498,0.0529830114746,0.0583039893799
56,436,0.19286,0.51587,0.027386,0.32973,0.043097,0.052734,0.058002
57,437,0.194357792969,0.517044597168,0.027394862793,0.331225806885,0.0430314925537,0.0524600031738,0.0578367568359
58,438,0.195641328125,0.518268671875,0.027414625,0.332698476562,0.0430616289063,0.0521623203125,0.0578035234375
59,439,0.196748310547,0.519470783691,0.027441824707,0.334126580811,0.0431355313721,0.0518384353027,0.0578258554687
60,440,0.19772,0.52058,0.027473,0.33549,0.043199,0.051487,0.057823
61,441,0.198539248047,0.52159744873,0.0275079934082,0.336790299072,0.0432527474365,0.0511019128418,0.0577921583252
62,442,0.199188203125,0.522530078125,0.0275468671875,0.338031523437,0.0432998242188,0.0506772265625,0.0577332304687
63,443,0.199602480469,0.52341904541,0.0275928024902,0.339249422607,0.0433428634033,0.050240388916,0.0576256751709
64,444,0.19972,0.52431,0.027649,0.34048,0.043388,0.049816,0.057455
65,445,0.199538106689,0.52520026001,0.0277154458008,0.341726743164,0.0434288001709,0.0494052388916,0.0572200866699
66,446,0.199060898437,0.526086289062,0.027791921875,0.3429909375,0.0434600195312,0.0490061601563,0.0569258828125
67,447,0.198309036865,0.527031072998,0.0278757006836,0.344260092773,0.0435406241455,0.0485279920654,0.0566189689941
68,448,0.19731,0.52809,0.027964,0.34552,0.043725,0.047884,0.056349
69,449,0.196071320801,0.529267905273,0.0280568308105,0.346774396973,0.0440164212646,0.0470760842285,0.0561198477783
70,450,0.194604453125,0.530560703125,0.0281543671875,0.348027109375,0.0444116835938,0.04611590625,0.0559336757812
71,451,0.19297048584,0.531822651367,0.0282576838379,0.349268366699,0.0447861485596,0.0450929821777,0.0558431820068
72,452,0.19123,0.53291,0.028368,0.35049,0.045018,0.044102,0.055894
73,453,0.189399664307,0.533816525879,0.0284855780029,0.351692553711,0.0451034261475,0.0431519406738,0.0560919837646
74,454,0.187492382812,0.5345475,0.0286107460938,0.35287828125,0.0450491601563,0.042249203125,0.0564348945312
75,455,0.185502196045,0.535208239746,0.0287432652588,0.354080043945,0.0449695860596,0.0414239519043,0.0568125811768
76,456,0.18342,0.53591,0.028883,0.35533,0.044983,0.0407,0.057115
77,457,0.181258193359,0.536654273682,0.0290302971191,0.356629163818,0.045091413208,0.0400836964111,0.0573346276855
78,458,0.179028203125,0.537439179688,0.02918559375,0.357975585938,0.0452912539062,0.0395745742187,0.0574712734375
79,459,0.176729003906,0.538258280029,0.0293521286621,0.359352315674,0.0455610794678,0.0391385784912,0.0575961877441
80,460,0.17436,0.5391,0.029533,0.36074,0.045873,0.038737,0.057784
81,461,0.171929611816,0.539970744629,0.0297285515137,0.362135799561,0.0462311196289,0.0383642922363,0.0580330045166
82,462,0.16944734375,0.540874140625,0.0299388125,0.363536132813,0.0466369296875,0.0380139609375,0.0583388945312
83,463,0.166926149902,0.541780397949,0.0301612062988,0.364928326416,0.047043777832,0.0376378435059,0.0586669510498
84,464,0.16438,0.54266,0.030393,0.3663,0.047407,0.037191,0.058981
85,465,0.161811478271,0.543511525879,0.030633947876,0.367647664795,0.047722920166,0.0366670133057,0.0592856269531
86,466,0.159222382813,0.544335859375,0.0308838398438,0.368969023437,0.047992515625,0.0360651914062,0.0595874140625
87,467,0.156663428955,0.545149362793,0.031143821167,0.37025026001,0.0482511833496,0.0354119168701,0.0598920107422
88,468,0.15418,0.54597,0.031415,0.37148,0.048537,0.034738,0.060208
89,469,0.151781425781,0.54679526123,0.0316959318848,0.372652910156,0.0488497364502,0.0340444954834,0.0605375128174
90,470,0.14947125,0.547622109375,0.0319848671875,0.373765546875,0.0491882617188,0.0333335820313,0.0608842460938
91,471,0.147121777344,0.548468596191,0.0322837937012,0.374868564453,0.0495676712646,0.032642475708,0.0612913304443
92,472,0.14461,0.54935,0.032594,0.37601,0.05,0.032006,0.0618
93,473,0.141934179687,0.55026756958,0.0329147047119,0.377191669922,0.0504863342285,0.0314313016357,0.0624146635742
94,474,0.139104375,0.551219726563,0.0332445664062,0.378410546875,0.0510245234375,0.0309217304688,0.063135484375
95,475,0.136284570312,0.55214911499,0.0335662020264,0.379578789063,0.0515806687012,0.0304374849854,0.0639293813477
96,476,0.13364,0.553,0.033863,0.38061,0.05212,0.029938,0.064761
97,477,0.131179671631,0.553768226318,0.0341332015381,0.38150006958,0.0526389383545,0.0294240900879,0.0656298291016
98,478,0.128902460938,0.554454414063,0.0343766757813,0.382251679687,0.0531356054687,0.028898796875,0.066536125
99,479,0.126715401611,0.555118184814,0.0346122266846,0.382947015381,0.0536106842041,0.0283926813965,0.0674779521484
100,480,0.12452,0.55582,0.034859,0.38367,0.054067,0.027937,0.068455
101,481,0.122319691162,0.556562915039,0.0351174494629,0.384422858887,0.0545029086914,0.02753175354,0.069464210083
102,482,0.120120664063,0.557346875,0.0353870078125,0.385203515625,0.0549182734375,0.0271752148438,0.0705035820312
103,483,0.117955704346,0.558122397461,0.0356554108887,0.385962893066,0.0553207895508,0.0268544217529,0.0715854564209
104,484,0.11586,0.55884,0.03591,0.38665,0.055719,0.026555,0.072722
105,485,0.11383122998,0.559499908447,0.0361513574219,0.387266002197,0.0561124892578,0.0262775418701,0.0739144559326
106,486,0.111866390625,0.560105507813,0.036380703125,0.387814101563,0.0565005390625,0.0260226835937,0.0751633164062
107,487,0.109953506348,0.560716014404,0.0366040742187,0.388324979248,0.056904421875,0.0257827232666,0.0764503570557
108,488,0.10808,0.56139,0.036828,0.38883,0.057343,0.025551,0.077758
109,489,0.106243750122,0.562131105957,0.0370532032471,0.389327453613,0.0578189487305,0.0253227435303,0.0790915574951
110,490,0.104442582031,0.56293890625,0.0372804101563,0.38981375,0.0583322734375,0.0250937382813,0.0804588867188
111,491,0.102695557007,0.563749694824,0.0375091605225,0.390273562012,0.0588275307617,0.0248947237549,0.0818639049072
112,492,0.10102,0.5645,0.037739,0.39069,0.059251,0.024754,0.083314
113,493,0.0994170653076,0.565186617432,0.0379702231445,0.391060738525,0.0596011021729,0.0246719570313,0.0848106292725
114,494,0.0978859726563,0.565810273438,0.0382030546875,0.391383242187,0.0598811992188,0.024645625,0.0863567226563
115,495,0.0963641265869,0.566446619873,0.0384460571289,0.391651541748,0.0601521571045,0.0245983867188,0.0880335548096
116,496,0.094792,0.56717,0.038707,0.39186,0.060476,0.024456,0.089917
117,497,0.0931667816162,0.567981004639,0.0389855737305,0.392003652344,0.0608555692139,0.0242154802246,0.0920152006836
118,498,0.0914917773438,0.568874335938,0.0392802734375,0.3920778125,0.0612903867188,0.0238807109375,0.09432775
119,499,0.0898556202393,0.569760552979,0.0395769135742,0.392083105469,0.061752557251,0.0235282805176,0.0967292680664
120,500,0.088347,0.57055,0.039861,0.39202,0.062212,0.023237,0.099095
121,501,0.0869687073975,0.571239907227,0.040130753418,0.391885587158,0.0626691654053,0.0230100565186,0.10142424646
122,502,0.0857174101562,0.571833515625,0.0403850859375,0.391676757812,0.0631247539063,0.0228469335938,0.103725730469
123,503,0.0845370157471,0.572389594727,0.0406267182617,0.391376820068,0.0635922960205,0.0227216070557,0.106089313599
124,504,0.083368,0.57297,0.040859,0.39097,0.064085,0.022605,0.10861
125,505,0.0822092913818,0.573577263184,0.0410803491211,0.390453696289,0.0645999799805,0.0224991904297,0.111292275879
126,506,0.0810612617187,0.57421234375,0.0412893359375,0.389826953125,0.065133,0.0224058984375,0.114138070312
127,507,0.079932897583,0.57485138916,0.0414864272461,0.389106625977,0.065663340332,0.0223304453125,0.117145834473
128,508,0.078835,0.57547,0.041672,0.38831,0.06617,0.022278,0.12031
129,509,0.0777635350342,0.576068983154,0.0418454724121,0.387436706543,0.0666491964111,0.0222475401611,0.123638501587
130,510,0.0767149414062,0.576649882813,0.042006125,0.38648546875,0.0670981601563,0.0222376992187,0.127136933594
131,511,0.0756860748291,0.577264127197,0.0421517229004,0.385446633301,0.0675223782959,0.0222284691162,0.130792052612
132,512,0.074674,0.57796,0.04228,0.38431,0.067928,0.022201,0.13459
133,513,0.0736786744385,0.578738511963,0.0423903592529,0.383073353271,0.0683154494629,0.0221535113525,0.138539527588
134,514,0.0727005039062,0.579595195313,0.0424823164062,0.381734414063,0.068685671875,0.0220862070312,0.142651367188
135,515,0.0717389276123,0.580444168701,0.0425550709229,0.380303526611,0.0690169470215,0.0220296082764,0.146893455811
136,516,0.070794,0.5812,0.042608,0.37879,0.06929,0.022014,0.15124
137,517,0.0698671021729,0.581857828369,0.0426404591064,0.377195861816,0.0695091419678,0.0220416116943,0.155687227783
138,518,0.0689602460937,0.582418867187,0.0426519257813,0.375522421875,0.0696823632812,0.0221126914062,0.160236132813
139,519,0.0680786629639,0.582942264404,0.0426444534912,0.373719362793,0.0698505362549,0.0221946075439,0.165064476318
140,520,0.067228,0.58349,0.04262,0.37174,0.070056,0.022255,0.17034
141,521,0.0664098438721,0.584061507568,0.042578550293,0.369584974365,0.0703076188965,0.0222945466309,0.176067246094
142,522,0.0656256914062,0.584654023438,0.0425199140625,0.367260898438,0.0706128984375,0.0223163828125,0.182231796875
143,523,0.0648859300537,0.585247510986,0.0424392749023,0.364853809814,0.0709784699707,0.0223543996582,0.188588681641
144,524,0.0642,0.58582,0.042332,0.36245,0.071409,0.022443,0.19489
145,525,0.0635692543945,0.586374296875,0.0421980371094,0.360056983643,0.0719146374512,0.022582682251,0.201116588135
146,526,0.0629937109375,0.586913515625,0.0420378046875,0.357676835937,0.0725044453125,0.0227717851563,0.207263085938
147,527,0.0624604204102,0.587435673828,0.0418563759766,0.3552640271,0.0731691447754,0.0230000330811,0.213458797607
148,528,0.061956,0.58794,0.041659,0.35277,0.0739,0.023255,0.21984
149,529,0.0614795568848,0.588427653809,0.0414462687988,0.350198753662,0.074706388916,0.0235365976563,0.226391170654
150,530,0.061030734375,0.5889009375,0.04121859375,0.347555585937,0.0755996328125,0.0238439921875,0.233091523438
151,531,0.0606142067871,0.589371135254,0.0409741413574,0.34485678833,0.076594026123,0.0241609482422,0.239879801025
152,532,0.060235,0.58985,0.040711,0.34212,0.077706,0.024472,0.24669
153,533,0.0598920095215,0.590338657227,0.0404293831787,0.339343583984,0.0789544931641,0.0247752979736,0.253516295166
154,534,0.059583984375,0.590837578125,0.0401295351562,0.336525390625,0.080360984375,0.0250706992187,0.260353710938
155,535,0.0593079963379,0.591360727539,0.0398159962158,0.333674980469,0.0819263408203,0.0253659066162,0.267175809326
156,536,0.059061,0.59192,0.039493,0.3308,0.083656,0.02567,0.27396
157,537,0.0588428864746,0.592515467529,0.0391613280029,0.327903479004,0.0855729665527,0.0259807287598,0.280685476074
158,538,0.05865371875,0.593144726562,0.0388213710937,0.32498703125,0.0877047265625,0.0262958046875,0.287333515625
159,539,0.0584910783691,0.593779263916,0.0384626090088,0.322006462402,0.0901537414551,0.0266370671387,0.293986447754
160,540,0.058353,0.59439,0.038075,0.31892,0.093021,0.027024,0.30072
161,541,0.0582379327393,0.594974544678,0.0376594327393,0.315731582031,0.0963263359375,0.0274582854004,0.307516309814
162,542,0.0581445429688,0.595532148438,0.0372179804688,0.312450546875,0.10008159375,0.0279388515625,0.314345820312
163,543,0.0580861429443,0.596063145752,0.0367623851318,0.309123408203,0.104296246094,0.0284093444824,0.3210480896
164,544,0.058075,0.59657,0.036305,0.3058,0.10897,0.028815,0.32746
165,545,0.0581097565918,0.597051160889,0.0358475900879,0.302487408447,0.114109966919,0.0291554785156,0.333559296875
166,546,0.0581872890625,0.597506445313,0.0353915859375,0.299191835938,0.119715988281,0.029435671875,0.339332734375
167,547,0.0582845217285,0.597953551025,0.0349407253418,0.295948914795,0.125711758179,0.0297040976563,0.344769326172
168,548,0.058378,0.59841,0.034498,0.29279,0.13202,0.030012,0.34987
169,549,0.0584648223877,0.598878170166,0.0340652160645,0.289723426514,0.138627325073,0.0303648249512,0.354625217285
170,550,0.0585433320312,0.599359257812,0.0336434765625,0.286752460937,0.145523878906,0.0307669140625,0.3590346875
171,551,0.0586171175537,0.599840799561,0.0332283200684,0.283830631104,0.152748331665,0.0312164064941,0.363160759277
172,552,0.058691,0.60031,0.032815,0.28091,0.16034,0.03171,0.36707
173,553,0.0587631901855,0.600768070068,0.0324037919922,0.277988878174,0.168286900635,0.0322568956299,0.370776347656
174,554,0.058832453125,0.601216914062,0.031995109375,0.275067617188,0.176574101563,0.0328661132813,0.374293203125
175,555,0.0589009445801,0.601667247314,0.0315898232422,0.27216980835,0.185146893311,0.0335380794678,0.377644052734
176,556,0.058971,0.60213,0.031189,0.26932,0.19395,0.034274,0.38085
177,557,0.0590440797119,0.602605418701,0.0307924119873,0.266513693848,0.202975187988,0.0350850754395,0.383933413086
178,558,0.0591218242187,0.603093085937,0.0303998710937,0.263744921875,0.2122175,0.03598421875,0.386915234375
179,559,0.0592007498779,0.603591920166,0.0300134390869,0.261006687012,0.221675046387,0.0369742800293,0.389773881836
180,560,0.059278,0.6041,0.029635,0.25829,0.23135,0.038061,0.39249
181,561,0.059355579834,0.604616185303,0.0292649527588,0.255597122803,0.241211688232,0.039257184082,0.395076470947
182,562,0.0594363046875,0.605138632813,0.0289034960938,0.252930273438,0.251227695312,0.0405781796875,0.397549492187
183,563,0.0595336223145,0.605664425049,0.0285454842529,0.250237052002,0.261539273682,0.0420843618164,0.400011121826
184,564,0.059661,0.60619,0.028186,0.24747,0.27227,0.043835,0.40256
185,565,0.0598218815918,0.606716213379,0.0278250769043,0.244628134766,0.283398388672,0.045847847168,0.405210633545
186,566,0.0600190390625,0.607244140625,0.0274632578125,0.241717265625,0.29488046875,0.0481368984375,0.407968867187
187,567,0.0602472248535,0.607746804199,0.0271077990723,0.238842929687,0.306311044922,0.0506747807617,0.410753443604
188,568,0.060501,0.6082,0.026766,0.23611,0.31729,0.053433,0.41348
189,569,0.0607838986816,0.608601331787,0.0264382487793,0.233524736328,0.327770993652,0.0564250966797,0.416151802979
190,570,0.0610999765625,0.608951679687,0.0261244609375,0.231085703125,0.337737265625,0.0596666328125,0.418775742188
191,571,0.0614554343262,0.609319190674,0.0258212775879,0.228729960938,0.347426008301,0.0631961308594,0.42139883667
192,572,0.061857,0.60977,0.025525,0.22639,0.35709,0.067053,0.42407
193,573,0.0623092050781,0.610308189697,0.0252356837158,0.224065863037,0.366709403076,0.0712500605469,0.426788048096
194,574,0.062816921875,0.610932148437,0.0249533789062,0.221758789062,0.376257304688,0.0757989453125,0.429549570312
195,575,0.0633833085937,0.611562625732,0.0246778636475,0.219474298096,0.38566369751,0.0807013232422,0.432344476318
196,576,0.064012,0.61212,0.024409,0.21722,0.39485,0.085958,0.43516
197,577,0.0647125380859,0.612603118896,0.024146230957,0.214986641846,0.40382071167,0.0915914614258,0.437998994141
198,578,0.065495640625,0.613016054688,0.0238890234375,0.212765039062,0.412580195312,0.0976259921875,0.440863671875
199,579,0.0663570029297,0.613415372314,0.0236380766602,0.210576644287,0.421067828369,0.104035342285,0.443720839844
200,580,0.067295,0.61386,0.023394,0.20844,0.42923,0.1108,0.44654
201,581,0.0683160323486,0.614348016357,0.0231568724365,0.206352324219,0.437046540527,0.117911139771,0.44931059082
202,582,0.0694285351563,0.614874726562,0.0229267226563,0.204307578125,0.444503515625,0.125362339844,0.452024453125
203,583,0.0707096986084,0.615435074463,0.0226988741455,0.202225888672,0.451773508301,0.13343805896,0.454780200195
204,584,0.072233,0.61602,0.022469,0.20003,0.45902,0.1424,0.45767
205,585,0.074007168457,0.616632028809,0.0222369592285,0.197714088135,0.466244595947,0.152242765625,0.460689829102
206,586,0.0760334609375,0.617271796875,0.0220031484375,0.195279492188,0.473431914063,0.16292509375,0.463824453125
207,587,0.0782335610352,0.617884914551,0.0217760280762,0.192796942139,0.480274627686,0.173960886719,0.466894165039
208,588,0.080527,0.61842,0.021564,0.19034,0.48647,0.18486,0.46972
209,589,0.0829133759766,0.618871888428,0.021367447876,0.187912913818,0.492008444824,0.195573840332,0.472288950195
210,590,0.0853962890625,0.619240742188,0.0211861289063,0.185517460938,0.49690515625,0.206082421875,0.474600703125
211,591,0.0880128710938,0.619604298096,0.0210145838623,0.183120987549,0.501391105957,0.216597790527,0.47675262207
212,592,0.090803,0.62004,0.020847,0.18069,0.50571,0.22735,0.47885
213,593,0.0937658911133,0.620549489746,0.0206831970215,0.178234425049,0.509875170898,0.238307973633,0.48089076416
214,594,0.0969000546875,0.62112890625,0.020523109375,0.175766835938,0.513893671875,0.24943671875,0.4828715625
215,595,0.100200225098,0.62171435791,0.0203676838379,0.173307601318,0.517729584961,0.260660913086,0.484782243652
216,596,0.10366,0.62224,0.020218,0.17088,0.52134,0.2719,0.48661
217,597,0.107283570557,0.622706107178,0.0200734838867,0.16849567749,0.524747913818,0.283150339355,0.488362069092
218,598,0.111075140625,0.623116289062,0.0199335546875,0.166167773437,0.527975039062,0.294409921875,0.490044882812
219,599,0.115026314209,0.623489991455,0.0197973510742,0.163925997314,0.531052403564,0.305663479004,0.491662838135
220,600,0.11913,0.62385,0.019664,0.1618,0.53401,0.3169,0.49322
221,601,0.123372711304,0.6241950354,0.0195335817871,0.159804205322,0.536855148926,0.328086253662,0.494718322754
222,602,0.127739800781,0.624524570312,0.01940628125,0.157951679687,0.539592421875,0.339188242187,0.496159296875
223,603,0.132329810669,0.624862254639,0.0192800080566,0.156258817139,0.542221716309,0.350350323486,0.49754322998
224,604,0.13723,0.62523,0.019153,0.15474,0.54474,0.3617,0.49887
225,605,0.142427758789,0.625629813232,0.0190252049561,0.153399143066,0.547153977051,0.37321680542,0.500139639893
226,606,0.1478953125,0.626060820312,0.0188969101562,0.152236953125,0.549469140625,0.384858476562,0.501351757812
227,607,0.153387436523,0.626499273682,0.0187749556885,0.151282819824,0.551646540527,0.39621175415,0.502508157959
228,608,0.15866,0.62692,0.018666,0.15056,0.55365,0.40687,0.50361
229,609,0.163683436279,0.627322227783,0.0185704030762,0.150061920166,0.555483140869,0.416794810791,0.504658439941
230,610,0.168444648438,0.627705976563,0.0184879296875,0.149774882812,0.557154570312,0.425980039062,0.505654375
231,611,0.173061051025,0.628063753662,0.0184128068848,0.149621033936,0.55872586792,0.434670506592,0.506577731934
232,612,0.17766,0.62839,0.018339,0.14952,0.56026,0.44313,0.50741
233,613,0.182227844238,0.62868421875,0.0182663618164,0.14945479248,0.561765410156,0.451355444336,0.508153198242
234,614,0.1867490625,0.628947890625,0.01819496875,0.14941125,0.563247578125,0.459340078125,0.508812109375
235,615,0.191183835449,0.629197392578,0.0181257749023,0.149376066895,0.564699208984,0.467048706055,0.509414643555
236,616,0.19549,0.62945,0.01806,0.14934,0.56611,0.47444,0.50999
237,617,0.199665106201,0.629708260498,0.0179973297119,0.149288834229,0.567486430664,0.481532486572,0.510542869873
238,618,0.203707382812,0.629974257812,0.0179375507813,0.149211523437,0.568833671875,0.488343710938,0.511077070313
239,619,0.20763862915,0.630255943604,0.0178817547607,0.149110418701,0.57014918457,0.494900789795,0.511600670166
240,620,0.21148,0.63056,0.017831,0.14899,0.57143,0.50123,0.51212
241,621,0.21522425293,0.630888155518,0.0177855042725,0.148847404785,0.572677557373,0.507332918701,0.512640091553
242,622,0.2188615625,0.631240664063,0.0177454101563,0.148681171875,0.573893320312,0.513208085938,0.513164492187
243,623,0.222360942383,0.631610599365,0.0177093516846,0.148488991699,0.575074810791,0.518867935791,0.513681719971
244,624,0.22569,0.63199,0.017676,0.14827,0.57622,0.52432,0.51418
245,625,0.228845725098,0.632377053223,0.0176452636719,0.148025836182,0.577329031982,0.529568607178,0.514659445801
246,626,0.231826796875,0.63276953125,0.017617140625,0.147759414063,0.578402460938,0.534614882813,0.515120625
247,627,0.234595593262,0.633162263184,0.0175944804687,0.147490809326,0.57945229126,0.539359893799,0.515579147949
248,628,0.23712,0.63355,0.01758,0.14724,0.58049,0.54371,0.51605
249,629,0.239401181641,0.633929914551,0.0175737816162,0.147009354248,0.581518349609,0.547665865479,0.51653428833
250,630,0.2414471875,0.634299375,0.0175756367188,0.146799726562,0.582539296875,0.551239101563,0.517031835937
251,631,0.243326435547,0.634651491699,0.0175811651611,0.146610689697,0.5835303125,0.554546756592,0.517515784912
252,632,0.24511,0.63498,0.017586,0.14644,0.58447,0.55771,0.51796
253,633,0.246813225098,0.635285799561,0.0175899932861,0.146284943848,0.585359390869,0.560747247314,0.518365096436
254,634,0.248449765625,0.635571132812,0.0175933242188,0.146141015625,0.586201835938,0.563673242188,0.518734179687
255,635,0.250009089355,0.635827779541,0.0175992034912,0.14600713623,0.587035916748,0.566447845459,0.519093394775
256,636,0.25148,0.63605,0.017611,0.14588,0.5879,0.56903,0.51947
257,637,0.252873879395,0.636237426758,0.0176287133789,0.145751481934,0.588796398926,0.57143321167,0.519866004639
258,638,0.254202421875,0.6363915625,0.01765221875,0.145611328125,0.589724609375,0.573673085937,0.520282382813
259,639,0.25553329834,0.636568081055,0.0176811577148,0.145428137207,0.590663474121,0.575857642822,0.520720465088
260,640,0.25693,0.63682,0.017715,0.14517,0.59159,0.57809,0.52118
261,641,0.258402294922,0.637150623779,0.0177537873535,0.144824212646,0.59250418335,0.580380405273,0.521662493896
262,642,0.259953125,0.637557773437,0.0177974609375,0.144379023438,0.593406210938,0.582728828125,0.522168242188
263,643,0.261494970703,0.6379737854,0.0178451608887,0.143831680908,0.594294952393,0.585018432617,0.522690020752
264,644,0.26294,0.63833,0.017896,0.14318,0.59517,0.58713,0.52322
265,645,0.26429069458,0.638623861084,0.0179497475586,0.142412159424,0.596030311279,0.58906381958,0.523757192383
266,646,0.265555820313,0.638856757812,0.018006203125,0.141516210937,0.596875507812,0.590826992187,0.524300703125
267,647,0.266794564209,0.639063155518,0.018065043457,0.140472054443,0.597702720947,0.592472835693,0.524843676758
268,648,0.26807,0.63928,0.018126,0.13926,0.59851,0.59406,0.52538
269,649,0.269390003662,0.639507530518,0.0181892188721,0.137871884766,0.599297530518,0.595592770996,0.525909572754
270,650,0.270761757813,0.639745507812,0.0182549570312,0.1363009375,0.600066289063,0.597076015625,0.5264334375
271,651,0.272180294189,0.639980736084,0.0183219007568,0.134536513672,0.600832005615,0.598511262207,0.526955310059
272,652,0.27364,0.6402,0.018389,0.13257,0.60161,0.5999,0.52748
273,653,0.275150532227,0.640404798584,0.018456359375,0.13040612085,0.602401759033,0.601248494873,0.528007900391
274,654,0.27672171875,0.640597382812,0.0185243359375,0.128053210937,0.603207460938,0.602562617188,0.528539765625
275,655,0.278392573242,0.640806593018,0.0185986904297,0.125481843018,0.604014564209,0.603894019775,0.529094570313
276,656,0.2802,0.64106,0.018685,0.12267,0.60481,0.60529,0.52969
277,657,0.28214727417,0.641358601074,0.018783685791,0.119641550903,0.605591690674,0.606754171143,0.530324991455
278,658,0.284233242188,0.641700546875,0.01889465625,0.116430410156,0.606357695313,0.608283710938,0.530995898437
279,659,0.286438521729,0.642052404785,0.0190128493652,0.113109531616,0.607122630615,0.60980168335,0.531689417725
280,660,0.28874,0.64238,0.019133,0.10976,0.6079,0.61123,0.53239
281,661,0.291135888672,0.642681951904,0.0192551287842,0.106415187866,0.608687302246,0.612564403076,0.533096413574
282,662,0.293623203125,0.642958710937,0.0193794882813,0.103110347656,0.60948015625,0.613805117187,0.533807109375
283,663,0.296165917969,0.643220699463,0.0195070338135,0.0999909571533,0.610245373535,0.614982408447,0.534483459473
284,664,0.29873,0.64348,0.019639,0.097194,0.61095,0.61613,0.53509
285,665,0.301310299072,0.643734294434,0.019775472168,0.094750932251,0.611594849854,0.617248997803,0.535624061279
286,666,0.303905429688,0.64398140625,0.0199166875,0.0926781132813,0.612183867187,0.618341289062,0.536087773438
287,667,0.306542332764,0.644233146973,0.020063793457,0.0909009959717,0.61271227417,0.61939506958,0.536534801025
288,668,0.30925,0.6445,0.020218,0.089335,0.61318,0.6204,0.53702
289,669,0.312032384033,0.644783244629,0.0203801276855,0.0879878521729,0.613587141113,0.621360930176,0.537547053223
290,670,0.314893632813,0.64508265625,0.0205510390625,0.0868660429688,0.613936953125,0.622284609375,0.538116875
291,671,0.317817679443,0.645368024902,0.0207306506348,0.0859411219482,0.614309118652,0.623221364746,0.538711306152
292,672,0.32079,0.64561,0.020919,0.085188,0.61478,0.62422,0.53931
293,673,0.323808421631,0.645807678223,0.0211163668213,0.0846047156982,0.615355526123,0.625285529785,0.539915001221
294,674,0.326871757812,0.6459628125,0.0213230664063,0.0841940429687,0.616034023438,0.626418515625,0.540528085937
295,675,0.330068360596,0.646106345215,0.021545352417,0.0839771334229,0.616736148682,0.627585378418,0.541154681396
296,676,0.33348,0.64627,0.021789,0.083979,0.61738,0.62875,0.5418
297,677,0.337106828613,0.64645416748,0.0220547335205,0.0842096094971,0.617964454346,0.629912905273,0.542461298828
298,678,0.340938515625,0.6466575,0.0223426054688,0.0846811523437,0.618492304688,0.6310753125,0.543135
299,679,0.34482095459,0.64687255127,0.0226411234131,0.0854150423584,0.61898552124,0.632234633789,0.543816435547
300,680,0.3486,0.64709,0.022939,0.086434,0.61947,0.63339,0.5445
301,681,0.352263800049,0.647309836426,0.0232361533203,0.0877539952393,0.619943184814,0.634537734375,0.545184272461
302,682,0.355810664063,0.64753125,0.023533453125,0.0893913632812,0.620403476562,0.63567515625,0.54586765625
303,683,0.359328314209,0.647741960449,0.0238414345703,0.0913808861084,0.620872406006,0.636822753906,0.546526762695
304,684,0.36291,0.64793,0.024171,0.093756,0.62137,0.638,0.54714
305,685,0.36655699585,0.648094934082,0.0245242077637,0.0965430018311,0.621898149414,0.639208859863,0.547706333008
306,686,0.370269101563,0.64823765625,0.0249029140625,0.0997675664063,0.622456171875,0.640449609375,0.54822765625
307,687,0.373991251221,0.648353522949,0.0252980158691,0.10338091272,0.623023950195,0.641680153809,0.548732358398
308,688,0.37767,0.64844,0.025701,0.10734,0.62358,0.64286,0.54925
309,689,0.381301616211,0.648497767334,0.0261125441895,0.11163855957,0.624122822266,0.64398583374,0.549781162109
310,690,0.384885625,0.648529257813,0.0265341953125,0.116273875,0.624651328125,0.645057773438,0.550325
311,691,0.388563852539,0.648566280518,0.0269940583496,0.12153759668,0.62516140625,0.646143731689,0.550889541016
312,692,0.39247,0.64864,0.027519,0.1277,0.62565,0.64731,0.55148
313,693,0.396603924561,0.648751280518,0.0281107408447,0.134754699951,0.626115141602,0.648556774902,0.552096219482
314,694,0.400950273438,0.648898007812,0.0287683320312,0.142659523438,0.626555859375,0.6498784375,0.552735429688
315,695,0.405289156494,0.649071517334,0.0294573475342,0.150953693604,0.626975981445,0.65120123291,0.553367037354
316,696,0.4094,0.64926,0.030143,0.15917,0.62738,0.65245,0.55396
317,697,0.413267871094,0.649463728027,0.0308247418213,0.167260288086,0.627769525146,0.653619702148,0.554511828613
318,698,0.416892109375,0.64968171875,0.0315042304688,0.175201640625,0.628146601563,0.654709140625,0.55502203125
319,699,0.420390673828,0.649870705566,0.0321992166748,0.183160229492,0.628510206299,0.65575347168,0.555485456543
320,700,0.42389,0.64999,0.032929,0.19132,0.62886,0.65679,0.5559
321,701,0.427388128662,0.6500359375,0.0336964366455,0.199657578125,0.629195894775,0.657817205811,0.556266561279
322,702,0.430881132813,0.650009453125,0.0345046757813,0.208150546875,0.629518007812,0.658832851563,0.556588789063
323,703,0.434326309814,0.649962978516,0.0353450618896,0.216694599609,0.629854168701,0.65980682251,0.556891334229
324,704,0.43768,0.64995,0.03621,0.22519,0.63023,0.66071,0.5572
325,705,0.44094262085,0.649973297119,0.0371009609375,0.233617738037,0.630646943359,0.661544061279,0.557515996094
326,706,0.444115898438,0.650032929688,0.0380203984375,0.241965195312,0.631103203125,0.662313554687,0.5578390625
327,707,0.44728756958,0.650101444092,0.0390165888672,0.250494005127,0.631547753906,0.663058648682,0.558201308594
328,708,0.45054,0.65015,0.040135,0.25945,0.63193,0.66382,0.55863
329,709,0.453873626709,0.650179522705,0.0413783100586,0.268827683105,0.632248452148,0.66459927002,0.559129802246
330,710,0.457279414063,0.650191757812,0.0427441015625,0.278593046875,0.632505546875,0.66539546875,0.559700546875
331,711,0.460610362549,0.650208197021,0.0441667573242,0.288293947754,0.632734272461,0.666202194824,0.560247844238
332,712,0.46372,0.65025,0.04558,0.29748,0.63297,0.66701,0.56068
333,713,0.466600367432,0.650316793213,0.0469817563477,0.306120532227,0.633214228516,0.667821079102,0.560990584717
334,714,0.469253945313,0.650406523437,0.0483741328125,0.3142165625,0.633467890625,0.668636328125,0.561180898437
335,715,0.471769031982,0.650493006592,0.0497876665039,0.322034819336,0.633732929687,0.669420415039,0.561360699463
336,716,0.47424,0.65055,0.051256,0.32986,0.63401,0.67014,0.56164
337,717,0.476668685303,0.650576762695,0.0527838908691,0.337699046631,0.63430043457,0.670792521973,0.562021002197
338,718,0.479055351562,0.650574375,0.05437696875,0.345554804687,0.634604296875,0.6713790625,0.562498710938
339,719,0.481379718018,0.650556987305,0.0560202536621,0.353315460205,0.634929008789,0.67194595459,0.56298258667
340,720,0.48362,0.65054,0.057701,0.36087,0.63528,0.67254,0.56338
341,721,0.485779108887,0.650524705811,0.059420512207,0.368223419189,0.635654754639,0.673161917725,0.563689232178
342,722,0.487859765625,0.650512460937,0.0611817734375,0.375386367188,0.636048632813,0.673809414063,0.563913242188
343,723,0.489914064941,0.650501461182,0.0630829750977,0.382650267334,0.636433277588,0.674460274658,0.564105079346
344,724,0.49199,0.65049,0.065216,0.39029,0.63678,0.67509,0.56432
345,725,0.494088768311,0.650478294678,0.0675852495117,0.398313865967,0.637087347412,0.675697695312,0.564558599854
346,726,0.496205429688,0.650466445312,0.0701843671875,0.406699648438,0.637356054688,0.67628234375,0.564819648437
347,727,0.498241676025,0.650476885986,0.0728662260742,0.415010855713,0.637570675049,0.676838144531,0.565065809326
348,728,0.5001,0.65053,0.075483,0.42281,0.63772,0.67736,0.56526
349,729,0.501776066895,0.650625322266,0.0780295506592,0.430077126465,0.637803862305,0.677847935791,0.565404194336
350,730,0.50327296875,0.650759375,0.0805106757812,0.43682171875,0.637826015625,0.678303320313,0.565503125
351,731,0.504652272949,0.650891318359,0.0829986588135,0.443288400879,0.637847827148,0.678711307373,0.565602993164
352,732,0.50598,0.65098,0.085573,0.44974,0.63793,0.67906,0.56575
353,733,0.507260612793,0.651024907227,0.0882382340088,0.456180610352,0.638076682129,0.679351107178,0.565943684082
354,734,0.50849796875,0.65102859375,0.0909995820312,0.462610859375,0.6382871875,0.679589414062,0.566179921875
355,735,0.509678898926,0.650991948242,0.0938569168701,0.468986762695,0.638535075684,0.67982819458,0.566444665527
356,736,0.51079,0.65092,0.09681,0.47526,0.63879,0.68012,0.56672
357,737,0.511835408936,0.650811131592,0.0998618459473,0.48143680542,0.639054772949,0.68046854248,0.567006765137
358,738,0.512819570313,0.650666054688,0.103014234375,0.487521445313,0.639331875,0.680873203125,0.567304609375
359,739,0.513802506104,0.650546187744,0.106354191162,0.493663843994,0.639587180176,0.68131217041,0.56755920166
360,740,0.51484,0.65051,0.10996,0.5,0.63979,0.68176,0.56772
361,741,0.515935742188,0.650561821289,0.113833964966,0.506533758545,0.639935495605,0.682216124268,0.567782213135
362,742,0.51708671875,0.650699921875,0.117966792969,0.513250273437,0.64002296875,0.682678945313,0.567747070313
363,743,0.518196816406,0.65085340332,0.122178415405,0.519820338135,0.640124328613,0.683127025146,0.567693280029
364,744,0.51917,0.65095,0.12629,0.52592,0.64031,0.68354,0.5677
365,745,0.520001496582,0.650988850098,0.130295142822,0.531536276855,0.640583563232,0.68391472168,0.567769470215
366,746,0.520693046875,0.65097328125,0.134201367188,0.53668296875,0.640943007812,0.684250390625,0.56789875
367,747,0.521309821777,0.650930153809,0.138099246826,0.541594484863,0.641308531494,0.684550249023,0.568041936035
368,748,0.52192,0.65089,0.14209,0.54652,0.6416,0.68482,0.56815
369,749,0.522525389404,0.650850148926,0.146173504639,0.551460953369,0.64181277832,0.685054996338,0.56822559082
370,750,0.523125742187,0.650808125,0.150350117187,0.556411679688,0.641946875,0.685251210938,0.568272890625
371,751,0.523685797119,0.650792819824,0.15469104126,0.561402850342,0.642077612305,0.685455311279,0.568282817383
372,752,0.52417,0.65083,0.15926,0.56645,0.64228,0.68571,0.56825
373,753,0.524582081299,0.650922189941,0.164062366943,0.57156536499,0.642552435303,0.686022630615,0.568169819336
374,754,0.524928085937,0.65106796875,0.169092851563,0.576749023437,0.642887929687,0.686396054687,0.568040078125
375,755,0.525252601318,0.651212243652,0.174278536377,0.581863419189,0.643207149658,0.686705001221,0.56792612793
376,756,0.5256,0.6513,0.17954,0.58677,0.64343,0.68683,0.56789
377,757,0.525972818604,0.651326906738,0.184869622803,0.591457938232,0.643552401123,0.686763846436,0.567936662598
378,758,0.526370351563,0.6512921875,0.190260429688,0.595925195312,0.643575039063,0.686510664062,0.568065
379,759,0.526768240967,0.651236101074,0.195654415283,0.600215445557,0.643544556885,0.686275533447,0.568170446777
380,760,0.52714,0.6512,0.201,0.60438,0.64351,0.68626,0.56815
381,761,0.527486566162,0.651181756592,0.206294942627,0.608418813477,0.643473842773,0.686471619873,0.568002711182
382,762,0.527809257812,0.651177070313,0.211546679688,0.6123346875,0.64343765625,0.686901992187,0.567736054687
383,763,0.528101934814,0.651159127197,0.216785267334,0.616135288086,0.643362192383,0.687344644775,0.567443045654
384,764,0.52836,0.6511,0.22205,0.61983,0.64321,0.68759,0.56722
385,765,0.528582437744,0.651003728027,0.227335795898,0.623423748779,0.64298548584,0.687635192871,0.567068543701
386,766,0.528769726562,0.650876328125,0.232639375,0.626921523437,0.642697109375,0.6874896875,0.566985742188
387,767,0.528937059326,0.650699562988,0.238152250977,0.630400113525,0.642417824707,0.687267424316,0.566961549072
388,768,0.5291,0.65046,0.24405,0.63393,0.64222,0.68709,0.56698
389,769,0.529258792725,0.650158978271,0.250339338379,0.637518134766,0.64210640625,0.686955061035,0.567039554443
390,770,0.529412695313,0.649802148438,0.257003359375,0.641162421875,0.64207390625,0.6868571875,0.567134726562
391,771,0.529565684814,0.649479884033,0.263713425293,0.644735449219,0.642098378906,0.686794665527,0.567235489502
392,772,0.52972,0.64928,0.27014,0.64811,0.64215,0.68676,0.56731
393,773,0.529876304307,0.649205909774,0.276272759478,0.651288308415,0.642228168478,0.686758558899,0.567351561694
394,774,0.530033922324,0.649252543922,0.282124819453,0.654282698303,0.642330201854,0.686792106571,0.567354527886
395,775,0.530166889707,0.649364440737,0.287824320974,0.657148413068,0.642401422767,0.686817013185,0.567271421681
396,776,0.53025,0.64948,0.29352,0.65995,0.64239,0.68679,0.56706
397,777,0.530282465248,0.649580362858,0.29926202604,0.66271757024,0.642293206781,0.686708225623,0.566722678853
398,778,0.530265937126,0.649643680846,0.305114017644,0.6654879923,0.642114597413,0.686572170305,0.566269963741
399,779,0.53021854192,0.649694283476,0.311000279395,0.668244075852,0.641882333132,0.686401893153,0.565740524225
400,780,0.53016,0.64975,0.31687,0.67098,0.64163,0.68622,0.56518
